record_id	attribute_number	object_type	raw_value	test
1	95	Nation	431
2	90	Nation	1076
3	91	Nation	201
4	92	Nation	15
5	93	Nation	199
6	94	Nation	15
7	74	Nation	1076
8	76	Nation	201
9	80	Nation	10
10	77	Nation	199
11	81	Nation	10
12	84	Nation	50
13	85	Nation	10
14	75	Nation	242
15	78	Nation	1077
16	82	Nation	10
17	79	Nation	1082
18	83	Nation	10
19	138	Nation	6
20	52	Nation	75
21	52	Nation	74
22	52	Nation	73
23	134	Nation	250
24	137	Nation	1
25	289	Nation	3
26	289	Nation	10
27	198	Nation	50
28	199	Nation	5
29	139	Nation	954
30	140	Nation	1073
31	141	Nation	1089
32	193	Nation	22
33	194	Nation	6
34	264	Nation	2
35	95	Nation	426
36	90	Nation	671
37	91	Nation	1100
38	92	Nation	15
39	93	Nation	1103
40	94	Nation	10
41	74	Nation	671
42	76	Nation	1100
43	80	Nation	10
44	77	Nation	1101
45	81	Nation	10
46	84	Nation	1102
47	85	Nation	10
48	75	Nation	1110
49	78	Nation	1103
50	82	Nation	10
51	138	Nation	2
52	52	Nation	77
53	289	Nation	3
54	289	Nation	10
55	198	Nation	50
56	199	Nation	5
57	139	Nation	1586
58	140	Nation	1587
59	193	Nation	206
60	194	Nation	2
61	264	Nation	2
62	95	Nation	2279
63	90	Nation	1158
64	91	Nation	1162
65	92	Nation	15
66	93	Nation	1152
67	94	Nation	10
68	74	Nation	1158
69	76	Nation	1162
70	80	Nation	10
71	77	Nation	1153
72	81	Nation	10
73	75	Nation	1160
74	78	Nation	1152
75	82	Nation	10
76	298	Nation	1162
77	298	Nation	1152
78	298	Nation	1153
79	298	Nation	1155
80	299	Nation	2279
81	299	Nation	1158
82	299	Nation	1160
83	294	Nation	1162
84	294	Nation	1152
85	294	Nation	1153
86	294	Nation	1154
87	295	Nation	2279
88	295	Nation	1158
89	295	Nation	1160
90	73	Nation	1
91	289	Nation	1
92	289	Nation	2
93	289	Nation	10
94	138	Nation	11
95	52	Nation	82
96	52	Nation	83
97	136	Nation	25
98	139	Nation	1582
99	140	Nation	1583
100	141	Nation	1584
101	193	Nation	23
102	194	Nation	8
103	270	Nation	78
104	270	Nation	79
105	270	Nation	25
106	95	Nation	1209
107	90	Nation	1215
108	91	Nation	1212
109	92	Nation	15
110	93	Nation	1213
111	94	Nation	15
112	74	Nation	1215
113	76	Nation	1211
114	80	Nation	10
115	77	Nation	1212
116	81	Nation	10
117	84	Nation	1213
118	85	Nation	10
119	75	Nation	1206
120	78	Nation	1214
121	82	Nation	10
122	133	Nation	200
123	132	Nation	1
124	138	Nation	10
125	52	Nation	91
126	289	Nation	2
127	289	Nation	10
128	198	Nation	50
129	139	Nation	1588
130	140	Nation	1843
131	141	Nation	1849
132	193	Nation	22
133	194	Nation	6
134	95	Nation	426
135	90	Nation	1169
136	91	Nation	1184
137	92	Nation	15
138	93	Nation	1167
139	94	Nation	10
140	74	Nation	1169
141	76	Nation	1184
142	80	Nation	10
143	77	Nation	1168
144	81	Nation	10
145	75	Nation	1174
146	78	Nation	1167
147	82	Nation	10
148	132	Nation	1
149	126	Nation	1
150	138	Nation	11
151	52	Nation	84
152	52	Nation	85
153	52	Nation	125
154	52	Nation	4
155	289	Nation	3
156	289	Nation	10
157	270	Nation	42
158	139	Nation	1228
159	140	Nation	1589
160	141	Nation	1795
161	193	Nation	264
162	194	Nation	8
163	95	Nation	426
164	90	Nation	927
165	91	Nation	794
166	92	Nation	15
167	93	Nation	797
168	94	Nation	15
169	74	Nation	1665
170	76	Nation	794
171	80	Nation	10
172	77	Nation	796
173	81	Nation	10
174	84	Nation	797
175	85	Nation	10
176	75	Nation	806
177	78	Nation	795
178	82	Nation	10
179	138	Nation	15
180	52	Nation	53
181	52	Nation	54
182	289	Nation	4
183	289	Nation	10
184	139	Nation	942
185	140	Nation	943
186	141	Nation	944
187	193	Nation	264
188	194	Nation	8
189	95	Nation	2288
190	90	Nation	2289
191	91	Nation	2299
192	92	Nation	15
193	93	Nation	2300
194	94	Nation	15
195	74	Nation	2290
196	76	Nation	2299
197	80	Nation	10
198	77	Nation	2298
199	81	Nation	20
200	84	Nation	2300
201	85	Nation	10
202	75	Nation	2291
203	78	Nation	2304
204	82	Nation	10
205	73	Nation	-2
206	138	Nation	16
207	52	Nation	153
208	52	Nation	154
209	289	Nation	7
210	289	Nation	10
211	270	Nation	80
212	139	Nation	952
213	140	Nation	953
214	141	Nation	946
215	142	Nation	1426
216	143	Nation	1706
217	193	Nation	23
218	194	Nation	8
219	95	Nation	729
220	90	Nation	730
221	91	Nation	721
222	92	Nation	20
223	93	Nation	722
224	94	Nation	15
225	74	Nation	730
226	76	Nation	721
227	80	Nation	20
228	77	Nation	722
229	81	Nation	10
230	75	Nation	731
231	78	Nation	727
232	82	Nation	10
233	139	Nation	933
234	140	Nation	936
235	131	Nation	1
236	132	Nation	1
237	169	Nation	1
238	73	Nation	-1
239	207	Nation	1
240	288	Nation	100
241	138	Nation	14
242	52	Nation	30
243	52	Nation	31
244	52	Nation	32
245	52	Nation	33
246	289	Nation	6
247	289	Nation	10
248	193	Nation	22
249	194	Nation	6
250	270	Nation	82
251	264	Nation	0
252	274	Nation	1
253	311	Nation	15
254	312	Nation	15
255	279	Nation	64
256	95	Nation	429
257	90	Nation	119
258	91	Nation	81
259	92	Nation	10
260	93	Nation	82
261	94	Nation	10
262	74	Nation	119
263	76	Nation	81
264	80	Nation	5
265	77	Nation	82
266	81	Nation	5
267	75	Nation	1698
268	78	Nation	82
269	82	Nation	10
270	132	Nation	1
271	73	Nation	-3
272	47	Nation	3
273	207	Nation	1
274	200	Nation	1
275	138	Nation	0
276	52	Nation	119
277	52	Nation	120
278	170	Nation	1
279	289	Nation	7
280	289	Nation	10
281	139	Nation	1667
282	193	Nation	206
283	194	Nation	2
284	279	Nation	4194320
285	95	Nation	484
286	90	Nation	1288
287	91	Nation	2564
288	92	Nation	15
289	93	Nation	2565
290	94	Nation	15
291	74	Nation	1288
292	76	Nation	2564
293	80	Nation	10
294	77	Nation	2565
295	81	Nation	10
296	75	Nation	2557
297	78	Nation	1278
298	82	Nation	15
299	79	Nation	419
300	83	Nation	1
301	73	Nation	2
302	46	Nation	1
303	313	Nation	2562
304	138	Nation	7
305	52	Nation	94
306	52	Nation	168
307	52	Nation	169
308	289	Nation	5
309	289	Nation	8
310	289	Nation	10
311	270	Nation	34
312	139	Nation	1674
313	140	Nation	2577
314	193	Nation	23
315	194	Nation	8
316	279	Nation	32
317	95	Nation	162
318	90	Nation	163
319	91	Nation	167
320	92	Nation	15
321	93	Nation	166
322	94	Nation	10
323	74	Nation	163
324	76	Nation	168
325	80	Nation	10
326	77	Nation	166
327	81	Nation	20
328	75	Nation	162
329	78	Nation	171
330	82	Nation	10
331	79	Nation	166
332	83	Nation	10
333	139	Nation	379
334	140	Nation	1660
335	141	Nation	1708
336	142	Nation	635
337	73	Nation	-2
338	138	Nation	5
339	52	Nation	9
340	289	Nation	7
341	289	Nation	10
342	198	Nation	50
343	193	Nation	206
344	194	Nation	2
345	279	Nation	128
346	95	Nation	430
347	90	Nation	1534
348	91	Nation	229
349	92	Nation	15
350	93	Nation	228
351	94	Nation	15
352	74	Nation	1534
353	76	Nation	229
354	80	Nation	10
355	77	Nation	228
356	81	Nation	10
357	84	Nation	239
358	85	Nation	10
359	75	Nation	231
360	78	Nation	27
361	82	Nation	5
362	79	Nation	1704
363	83	Nation	5
364	294	Nation	239
365	294	Nation	227
366	294	Nation	228
367	294	Nation	234
368	294	Nation	2156
369	294	Nation	27
370	295	Nation	430
371	295	Nation	1534
372	295	Nation	2158
373	295	Nation	231
374	139	Nation	540
375	140	Nation	614
376	141	Nation	2246
377	273	Nation	103
378	272	Nation	100
379	133	Nation	200
380	124	Nation	1
381	132	Nation	1
382	138	Nation	10
383	52	Nation	118
384	289	Nation	3
385	289	Nation	10
386	193	Nation	22
387	194	Nation	6
388	264	Nation	0
389	271	Nation	50
390	274	Nation	2
391	275	Nation	1
392	311	Nation	20
393	312	Nation	20
394	95	Nation	1466
395	90	Nation	1463
396	91	Nation	1465
397	92	Nation	15
398	93	Nation	1464
399	94	Nation	10
400	74	Nation	1463
401	76	Nation	1465
402	80	Nation	10
403	77	Nation	1464
404	81	Nation	10
405	75	Nation	1460
406	78	Nation	1453
407	82	Nation	10
408	79	Nation	1488
409	83	Nation	5
410	171	Nation	1638
411	173	Nation	1491
412	177	Nation	15
413	172	Nation	2490
414	175	Nation	1636
415	179	Nation	15
416	186	Nation	1638
417	189	Nation	1491
418	190	Nation	1636
419	191	Nation	2490
420	302	Nation	1452
421	302	Nation	1489
422	302	Nation	1465
423	302	Nation	1464
424	302	Nation	1453
425	302	Nation	1462
426	302	Nation	2492
427	303	Nation	1466
428	303	Nation	1463
429	303	Nation	2491
430	303	Nation	2493
431	138	Nation	8
432	52	Nation	109
433	52	Nation	110
434	52	Nation	112
435	52	Nation	167
436	289	Nation	10
437	198	Nation	50
438	270	Nation	81
439	139	Nation	1458
440	140	Nation	2494
441	141	Nation	2495
442	142	Nation	2496
443	143	Nation	1678
444	149	Nation	1772
445	193	Nation	471
446	194	Nation	3
447	95	Nation	1755
448	90	Nation	1750
449	91	Nation	1749
450	92	Nation	15
451	93	Nation	1758
452	94	Nation	15
453	74	Nation	1750
454	76	Nation	1749
455	80	Nation	10
456	77	Nation	1758
457	81	Nation	10
458	84	Nation	1756
459	85	Nation	5
460	75	Nation	1752
461	78	Nation	1751
462	82	Nation	10
463	138	Nation	11
464	52	Nation	133
465	52	Nation	134
466	289	Nation	2
467	289	Nation	10
468	193	Nation	23
469	194	Nation	6
470	270	Nation	89
471	139	Nation	1805
472	185	Nation	1
473	95	Nation	1811
474	90	Nation	1815
475	91	Nation	1814
476	92	Nation	15
477	93	Nation	1812
478	94	Nation	15
479	74	Nation	1815
480	76	Nation	1814
481	80	Nation	10
482	77	Nation	1796
483	81	Nation	10
484	75	Nation	1800
485	78	Nation	1812
486	82	Nation	20
487	138	Nation	11
488	52	Nation	136
489	52	Nation	137
490	289	Nation	2
491	289	Nation	10
492	198	Nation	75
493	270	Nation	89
494	193	Nation	23
495	194	Nation	6
496	139	Nation	1793
497	140	Nation	1794
498	141	Nation	1803
499	142	Nation	1804
500	95	Nation	1512
501	90	Nation	263
502	91	Nation	1508
503	92	Nation	10
504	93	Nation	1679
505	94	Nation	15
506	74	Nation	263
507	76	Nation	1679
508	80	Nation	10
509	77	Nation	1508
510	81	Nation	5
511	75	Nation	263
512	78	Nation	1509
513	82	Nation	10
514	139	Nation	590
515	140	Nation	1511
516	132	Nation	1
517	73	Nation	1
518	261	Nation	1
519	138	Nation	11
520	52	Nation	114
521	52	Nation	115
522	289	Nation	1
523	289	Nation	10
524	193	Nation	23
525	194	Nation	6
526	95	Nation	1512
527	90	Nation	1502
528	91	Nation	1508
529	92	Nation	10
530	93	Nation	1679
531	94	Nation	15
532	74	Nation	1505
533	76	Nation	1679
534	80	Nation	10
535	77	Nation	1508
536	81	Nation	5
537	75	Nation	1502
538	78	Nation	1509
539	82	Nation	10
540	139	Nation	2473
541	132	Nation	1
542	73	Nation	1
543	138	Nation	11
544	52	Nation	59
545	52	Nation	113
546	289	Nation	1
547	289	Nation	10
548	193	Nation	23
549	194	Nation	6
550	95	Nation	786
551	90	Nation	1301
552	91	Nation	1303
553	92	Nation	5
554	93	Nation	1304
555	94	Nation	5
556	74	Nation	1301
557	76	Nation	1302
558	80	Nation	10
559	75	Nation	1299
560	78	Nation	1303
561	82	Nation	5
562	79	Nation	1304
563	83	Nation	5
564	139	Nation	1382
565	140	Nation	586
566	138	Nation	11
567	52	Nation	46
568	73	Nation	3
569	46	Nation	3
570	207	Nation	1
571	289	Nation	1
572	289	Nation	10
573	270	Nation	61
574	193	Nation	471
575	194	Nation	3
576	271	Nation	25
577	279	Nation	128
578	95	Nation	1119
579	90	Nation	1334
580	91	Nation	1120
581	92	Nation	20
582	93	Nation	1122
583	94	Nation	15
584	74	Nation	1127
585	76	Nation	1118
586	80	Nation	20
587	77	Nation	1122
588	81	Nation	10
589	84	Nation	1121
590	85	Nation	10
591	75	Nation	1334
592	78	Nation	1333
593	82	Nation	10
594	79	Nation	1130
595	83	Nation	5
596	294	Nation	1118
597	294	Nation	1120
598	294	Nation	1121
599	294	Nation	1122
600	295	Nation	1127
601	73	Nation	-2
602	138	Nation	7
603	52	Nation	98
604	52	Nation	99
605	289	Nation	8
606	289	Nation	10
607	139	Nation	1585
608	270	Nation	77
609	193	Nation	24
610	194	Nation	4
611	195	Nation	23
612	196	Nation	4
613	95	Nation	1119
614	90	Nation	1334
615	91	Nation	1120
616	92	Nation	20
617	93	Nation	1122
618	94	Nation	15
619	74	Nation	1761
620	76	Nation	1118
621	80	Nation	20
622	77	Nation	1125
623	81	Nation	10
624	84	Nation	1121
625	85	Nation	10
626	75	Nation	1760
627	78	Nation	1762
628	82	Nation	10
629	79	Nation	1130
630	83	Nation	5
631	294	Nation	1118
632	294	Nation	1120
633	294	Nation	1121
634	294	Nation	1122
635	295	Nation	1127
636	73	Nation	-2
637	210	Nation	1
638	138	Nation	7
639	52	Nation	131
640	52	Nation	132
641	289	Nation	8
642	289	Nation	10
643	122	Nation	1
644	207	Nation	1
645	310	Nation	1
646	139	Nation	1914
647	270	Nation	77
648	272	Nation	100
649	193	Nation	24
650	194	Nation	4
651	195	Nation	23
652	196	Nation	4
653	95	Nation	1313
654	90	Nation	1313
655	91	Nation	1311
656	92	Nation	15
657	93	Nation	1312
658	94	Nation	10
659	74	Nation	1609
660	76	Nation	1311
661	80	Nation	10
662	77	Nation	1260
663	81	Nation	10
664	75	Nation	1276
665	78	Nation	1312
666	82	Nation	10
667	79	Nation	1264
668	83	Nation	5
669	298	Nation	1393
670	298	Nation	1394
671	298	Nation	1395
672	299	Nation	2467
673	311	Nation	15
674	312	Nation	15
675	138	Nation	15
676	52	Nation	95
677	289	Nation	4
678	289	Nation	10
679	139	Nation	1671
680	140	Nation	1672
681	141	Nation	1673
682	270	Nation	88
683	272	Nation	100
684	193	Nation	23
685	194	Nation	8
686	264	Nation	0
687	279	Nation	64
688	95	Nation	2024
689	90	Nation	2023
690	91	Nation	2021
691	92	Nation	6
692	93	Nation	2022
693	94	Nation	6
694	74	Nation	2023
695	76	Nation	2021
696	80	Nation	5
697	77	Nation	2022
698	81	Nation	3
699	75	Nation	2033
700	78	Nation	2059
701	82	Nation	5
702	139	Nation	2076
703	140	Nation	2077
704	141	Nation	2078
705	142	Nation	2079
706	143	Nation	2080
707	144	Nation	2081
708	73	Nation	-2
709	132	Nation	1
710	207	Nation	1
711	138	Nation	11
712	52	Nation	147
713	52	Nation	146
714	289	Nation	5
715	289	Nation	10
716	193	Nation	22
717	194	Nation	6
718	264	Nation	2
719	265	Nation	50
720	271	Nation	25
721	95	Nation	2161
722	90	Nation	2177
723	91	Nation	2172
724	92	Nation	15
725	74	Nation	2177
726	76	Nation	2172
727	80	Nation	10
728	77	Nation	2174
729	81	Nation	5
730	75	Nation	2268
731	78	Nation	2175
732	82	Nation	5
733	296	Nation	2168
734	296	Nation	2183
735	297	Nation	2169
736	297	Nation	2170
737	297	Nation	2171
738	139	Nation	2432
739	140	Nation	2433
740	73	Nation	-1
741	268	Nation	1
742	289	Nation	5
743	289	Nation	10
744	138	Nation	11
745	52	Nation	149
746	52	Nation	150
747	52	Nation	151
748	193	Nation	22
749	194	Nation	6
750	264	Nation	2
751	265	Nation	50
752	185	Nation	1
753	158	Nation	2263
754	159	Nation	2264
755	261	Nation	1
756	95	Nation	2252
757	90	Nation	2253
758	91	Nation	2255
759	92	Nation	15
760	93	Nation	2257
761	94	Nation	10
762	74	Nation	2253
763	76	Nation	2254
764	80	Nation	10
765	77	Nation	2255
766	81	Nation	10
767	84	Nation	2256
768	85	Nation	10
769	75	Nation	2265
770	78	Nation	2258
771	82	Nation	10
772	139	Nation	2429
773	140	Nation	2430
774	73	Nation	-1
775	267	Nation	10
776	158	Nation	2264
777	138	Nation	0
778	52	Nation	152
779	132	Nation	1
780	207	Nation	1
781	289	Nation	3
782	289	Nation	7
783	289	Nation	5
784	289	Nation	10
785	193	Nation	23
786	194	Nation	8
787	264	Nation	2
788	274	Nation	1
789	311	Nation	15
790	312	Nation	15
791	279	Nation	128
792	95	Nation	2691
793	90	Nation	2674
794	91	Nation	2668
795	92	Nation	20
796	93	Nation	2669
797	94	Nation	20
798	74	Nation	2674
799	76	Nation	2668
800	80	Nation	20
801	77	Nation	2670
802	81	Nation	15
803	75	Nation	2677
804	78	Nation	2671
805	82	Nation	20
806	294	Nation	2668
807	294	Nation	2669
808	295	Nation	2674
809	302	Nation	2668
810	302	Nation	2669
811	303	Nation	2674
812	303	Nation	2678
813	139	Nation	2692
814	140	Nation	2757
815	141	Nation	2758
816	142	Nation	2759
817	143	Nation	2760
818	144	Nation	2761
819	145	Nation	2762
820	132	Nation	1
821	73	Nation	-1
822	207	Nation	1
823	138	Nation	14
824	52	Nation	174
825	52	Nation	175
826	289	Nation	6
827	289	Nation	10
828	193	Nation	619
829	194	Nation	8
830	270	Nation	93
831	264	Nation	1
832	95	Nation	431
833	90	Nation	46
834	91	Nation	201
835	92	Nation	15
836	93	Nation	199
837	94	Nation	15
838	74	Nation	46
839	76	Nation	201
840	80	Nation	10
841	77	Nation	199
842	81	Nation	10
843	84	Nation	50
844	85	Nation	10
845	75	Nation	242
846	78	Nation	14
847	82	Nation	10
848	138	Nation	6
849	52	Nation	10
850	134	Nation	250
851	137	Nation	1
852	289	Nation	3
853	289	Nation	10
854	198	Nation	50
855	139	Nation	371
856	140	Nation	587
857	141	Nation	954
858	193	Nation	22
859	194	Nation	6
860	95	Nation	254
861	90	Nation	260
862	91	Nation	186
863	92	Nation	15
864	93	Nation	187
865	94	Nation	15
866	74	Nation	190
867	76	Nation	186
868	80	Nation	20
869	77	Nation	187
870	81	Nation	20
871	75	Nation	260
872	78	Nation	189
873	82	Nation	20
874	35	Nation	50
875	36	Nation	1
876	122	Nation	1
877	126	Nation	1
878	127	Nation	1
879	290	Nation	1
880	138	Nation	8
881	263	Nation	75
882	289	Nation	3
883	289	Nation	7
884	289	Nation	10
885	210	Nation	1
886	205	Nation	1
887	100	Nation	23
888	156	Nation	1
889	269	Nation	1
890	288	Nation	100
891	139	Nation	183
892	140	Nation	555
893	141	Nation	537
894	142	Nation	2068
895	193	Nation	206
896	194	Nation	2
897	271	Nation	100
898	95	Nation	426
899	90	Nation	671
900	91	Nation	662
901	92	Nation	15
902	93	Nation	663
903	94	Nation	15
904	74	Nation	671
905	76	Nation	662
906	80	Nation	10
907	77	Nation	663
908	81	Nation	10
909	84	Nation	50
910	85	Nation	10
911	75	Nation	669
912	78	Nation	664
913	82	Nation	10
914	138	Nation	2
915	52	Nation	55
916	52	Nation	64
917	52	Nation	148
918	289	Nation	3
919	289	Nation	10
920	198	Nation	75
921	139	Nation	868
922	140	Nation	977
923	122	Nation	1
924	126	Nation	1
925	210	Nation	1
926	193	Nation	206
927	194	Nation	2
928	95	Nation	426
929	90	Nation	683
930	91	Nation	684
931	92	Nation	15
932	93	Nation	685
933	94	Nation	15
934	74	Nation	683
935	76	Nation	684
936	80	Nation	10
937	77	Nation	685
938	81	Nation	10
939	84	Nation	50
940	85	Nation	10
941	75	Nation	52
942	78	Nation	686
943	82	Nation	10
944	138	Nation	2
945	52	Nation	3
946	52	Nation	4
947	289	Nation	3
948	289	Nation	7
949	289	Nation	10
950	198	Nation	75
951	139	Nation	584
952	140	Nation	505
953	141	Nation	506
954	149	Nation	37
955	193	Nation	206
956	194	Nation	2
957	95	Nation	56
958	90	Nation	54
959	91	Nation	61
960	92	Nation	10
961	93	Nation	59
962	94	Nation	10
963	74	Nation	54
964	76	Nation	61
965	80	Nation	10
966	77	Nation	31
967	81	Nation	10
968	84	Nation	50
969	85	Nation	10
970	75	Nation	658
971	78	Nation	59
972	82	Nation	10
973	79	Nation	63
974	83	Nation	10
975	133	Nation	200
976	138	Nation	3
977	52	Nation	5
978	52	Nation	6
979	289	Nation	2
980	289	Nation	10
981	139	Nation	376
982	140	Nation	381
983	141	Nation	582
984	142	Nation	2481
985	149	Nation	58
986	193	Nation	24
987	194	Nation	8
988	95	Nation	1789
989	90	Nation	1783
990	91	Nation	1779
991	92	Nation	15
992	93	Nation	1781
993	94	Nation	15
994	74	Nation	1783
995	76	Nation	1779
996	80	Nation	20
997	77	Nation	1782
998	81	Nation	10
999	75	Nation	850
1000	78	Nation	1781
1001	82	Nation	10
1002	79	Nation	1787
1003	83	Nation	10
1004	138	Nation	11
1005	52	Nation	135
1006	289	Nation	2
1007	289	Nation	10
1008	133	Nation	200
1009	193	Nation	22
1010	194	Nation	6
1011	270	Nation	89
1012	139	Nation	1777
1013	140	Nation	1778
1014	141	Nation	1794
1015	142	Nation	1844
1016	149	Nation	1806
1017	95	Nation	1591
1018	90	Nation	114
1019	91	Nation	67
1020	92	Nation	8
1021	93	Nation	79
1022	94	Nation	8
1023	74	Nation	114
1024	76	Nation	67
1025	80	Nation	5
1026	77	Nation	417
1027	81	Nation	10
1028	75	Nation	240
1029	78	Nation	79
1030	82	Nation	10
1031	136	Nation	25
1032	138	Nation	4
1033	52	Nation	7
1034	52	Nation	8
1035	289	Nation	1
1036	289	Nation	2
1037	289	Nation	10
1038	198	Nation	50
1039	139	Nation	507
1040	140	Nation	377
1041	141	Nation	378
1042	193	Nation	26
1043	194	Nation	4
1044	264	Nation	3
1045	95	Nation	2107
1046	90	Nation	148
1047	91	Nation	221
1048	92	Nation	10
1049	93	Nation	218
1050	94	Nation	10
1051	74	Nation	148
1052	76	Nation	221
1053	80	Nation	10
1054	77	Nation	218
1055	81	Nation	10
1056	75	Nation	440
1057	78	Nation	220
1058	82	Nation	10
1059	79	Nation	219
1060	83	Nation	10
1061	41	Nation	1
1062	138	Nation	9
1063	52	Nation	13
1064	289	Nation	2
1065	289	Nation	3
1066	289	Nation	10
1067	139	Nation	583
1068	140	Nation	588
1069	141	Nation	589
1070	142	Nation	2235
1071	193	Nation	25
1072	194	Nation	6
1073	95	Nation	729
1074	90	Nation	730
1075	91	Nation	721
1076	92	Nation	20
1077	93	Nation	1545
1078	94	Nation	15
1079	74	Nation	730
1080	76	Nation	721
1081	80	Nation	20
1082	77	Nation	722
1083	81	Nation	10
1084	75	Nation	1189
1085	78	Nation	726
1086	82	Nation	10
1087	79	Nation	1547
1088	83	Nation	10
1089	139	Nation	933
1090	140	Nation	1884
1091	141	Nation	1886
1092	73	Nation	-1
1093	138	Nation	14
1094	52	Nation	89
1095	52	Nation	90
1096	52	Nation	88
1097	52	Nation	87
1098	289	Nation	6
1099	289	Nation	10
1100	193	Nation	22
1101	194	Nation	6
1102	270	Nation	82
1103	264	Nation	1
1104	95	Nation	813
1105	90	Nation	792
1106	91	Nation	794
1107	92	Nation	15
1108	93	Nation	797
1109	94	Nation	15
1110	74	Nation	805
1111	76	Nation	794
1112	80	Nation	10
1113	77	Nation	796
1114	81	Nation	10
1115	84	Nation	797
1116	85	Nation	10
1117	75	Nation	807
1118	78	Nation	799
1119	82	Nation	10
1120	138	Nation	15
1121	52	Nation	50
1122	52	Nation	51
1123	289	Nation	4
1124	289	Nation	10
1125	139	Nation	942
1126	140	Nation	943
1127	141	Nation	944
1128	193	Nation	25
1129	194	Nation	6
1130	220	Nation	794
1131	221	Nation	6
1132	222	Nation	801
1133	223	Nation	5
1134	95	Nation	2288
1135	90	Nation	881
1136	91	Nation	879
1137	92	Nation	15
1138	93	Nation	880
1139	94	Nation	15
1140	74	Nation	881
1141	76	Nation	878
1142	80	Nation	30
1143	77	Nation	880
1144	81	Nation	10
1145	75	Nation	883
1146	78	Nation	882
1147	82	Nation	10
1148	73	Nation	-2
1149	138	Nation	16
1150	52	Nation	60
1151	52	Nation	61
1152	289	Nation	7
1153	289	Nation	10
1154	198	Nation	50
1155	139	Nation	952
1156	140	Nation	953
1157	141	Nation	946
1158	142	Nation	1426
1159	143	Nation	1706
1160	193	Nation	23
1161	194	Nation	8
1162	274	Nation	2
1163	275	Nation	1
1164	311	Nation	15
1165	312	Nation	15
1166	95	Nation	1448
1167	90	Nation	1445
1168	91	Nation	1447
1169	92	Nation	15
1170	93	Nation	1355
1171	94	Nation	10
1172	74	Nation	1445
1173	76	Nation	1447
1174	80	Nation	10
1175	77	Nation	1355
1176	81	Nation	10
1177	75	Nation	1475
1178	78	Nation	1472
1179	82	Nation	10
1180	79	Nation	1497
1181	83	Nation	5
1182	171	Nation	1638
1183	173	Nation	1489
1184	177	Nation	15
1185	172	Nation	1638
1186	175	Nation	1489
1187	179	Nation	15
1188	186	Nation	1638
1189	189	Nation	1489
1190	190	Nation	1636
1191	302	Nation	1489
1192	302	Nation	1472
1193	303	Nation	1471
1194	138	Nation	8
1195	52	Nation	110
1196	52	Nation	111
1197	52	Nation	166
1198	289	Nation	10
1199	198	Nation	50
1200	270	Nation	81
1201	43	Nation	10
1202	139	Nation	1846
1203	140	Nation	1847
1204	141	Nation	1848
1205	193	Nation	22
1206	194	Nation	6
1207	274	Nation	1
1208	311	Nation	15
1209	312	Nation	15
1210	279	Nation	64
1211	95	Nation	429
1212	90	Nation	119
1213	91	Nation	81
1214	92	Nation	15
1215	93	Nation	82
1216	94	Nation	15
1217	74	Nation	119
1218	76	Nation	372
1219	80	Nation	10
1220	77	Nation	983
1221	81	Nation	10
1222	75	Nation	85
1223	78	Nation	81
1224	82	Nation	10
1225	132	Nation	1
1226	73	Nation	-3
1227	47	Nation	2
1228	207	Nation	1
1229	200	Nation	1
1230	138	Nation	0
1231	52	Nation	1
1232	52	Nation	121
1233	170	Nation	1
1234	289	Nation	7
1235	289	Nation	10
1236	139	Nation	581
1237	140	Nation	867
1238	141	Nation	539
1239	193	Nation	206
1240	194	Nation	2
1241	279	Nation	4194320
1242	95	Nation	484
1243	90	Nation	418
1244	91	Nation	129
1245	92	Nation	15
1246	93	Nation	128
1247	94	Nation	15
1248	74	Nation	418
1249	76	Nation	129
1250	80	Nation	10
1251	77	Nation	128
1252	81	Nation	10
1253	75	Nation	204
1254	78	Nation	420
1255	82	Nation	10
1256	79	Nation	128
1257	83	Nation	10
1258	139	Nation	556
1259	140	Nation	557
1260	73	Nation	3
1261	46	Nation	2
1262	313	Nation	2562
1263	138	Nation	7
1264	52	Nation	11
1265	52	Nation	18
1266	289	Nation	8
1267	289	Nation	5
1268	289	Nation	10
1269	193	Nation	23
1270	194	Nation	8
1271	279	Nation	32
1272	95	Nation	502
1273	90	Nation	163
1274	91	Nation	167
1275	92	Nation	15
1276	93	Nation	166
1277	94	Nation	10
1278	74	Nation	163
1279	76	Nation	168
1280	80	Nation	10
1281	77	Nation	166
1282	81	Nation	20
1283	75	Nation	162
1284	78	Nation	171
1285	82	Nation	10
1286	79	Nation	166
1287	83	Nation	10
1288	139	Nation	379
1289	140	Nation	585
1290	141	Nation	635
1291	142	Nation	2272
1292	143	Nation	2394
1293	59	Nation	1
1294	73	Nation	-2
1295	138	Nation	5
1296	52	Nation	62
1297	52	Nation	12
1298	289	Nation	7
1299	289	Nation	10
1300	198	Nation	75
1301	193	Nation	206
1302	194	Nation	1
1303	195	Nation	167
1304	196	Nation	1
1305	279	Nation	128
1306	95	Nation	430
1307	90	Nation	232
1308	91	Nation	229
1309	92	Nation	15
1310	93	Nation	228
1311	94	Nation	15
1312	74	Nation	232
1313	76	Nation	229
1314	80	Nation	10
1315	77	Nation	228
1316	81	Nation	10
1317	84	Nation	239
1318	85	Nation	10
1319	75	Nation	231
1320	78	Nation	27
1321	82	Nation	5
1322	79	Nation	707
1323	83	Nation	5
1324	294	Nation	239
1325	294	Nation	227
1326	294	Nation	228
1327	294	Nation	229
1328	294	Nation	234
1329	294	Nation	2156
1330	294	Nation	27
1331	295	Nation	430
1332	295	Nation	2118
1333	295	Nation	2158
1334	295	Nation	231
1335	139	Nation	540
1336	140	Nation	770
1337	141	Nation	614
1338	142	Nation	611
1339	133	Nation	200
1340	124	Nation	1
1341	138	Nation	10
1342	52	Nation	14
1343	52	Nation	19
1344	289	Nation	3
1345	289	Nation	10
1346	193	Nation	22
1347	194	Nation	6
1348	264	Nation	1
1349	271	Nation	25
1350	279	Nation	128
1351	95	Nation	1534
1352	90	Nation	714
1353	91	Nation	227
1354	92	Nation	15
1355	93	Nation	228
1356	94	Nation	15
1357	74	Nation	2311
1358	76	Nation	227
1359	80	Nation	10
1360	77	Nation	228
1361	81	Nation	10
1362	84	Nation	239
1363	85	Nation	10
1364	75	Nation	1534
1365	78	Nation	27
1366	82	Nation	5
1367	79	Nation	228
1368	83	Nation	10
1369	294	Nation	239
1370	294	Nation	227
1371	294	Nation	228
1372	294	Nation	234
1373	294	Nation	2156
1374	294	Nation	27
1375	295	Nation	430
1376	295	Nation	1534
1377	295	Nation	2311
1378	295	Nation	2312
1379	69	Nation	1
1380	100	Nation	79
1381	35	Nation	10
1382	124	Nation	1
1383	133	Nation	200
1384	138	Nation	9
1385	289	Nation	3
1386	289	Nation	10
1387	273	Nation	103
1388	139	Nation	861
1389	140	Nation	863
1390	264	Nation	0
1391	271	Nation	50
1392	95	Nation	426
1393	90	Nation	422
1394	91	Nation	142
1395	92	Nation	10
1396	93	Nation	143
1397	94	Nation	10
1398	74	Nation	422
1399	76	Nation	142
1400	80	Nation	15
1401	77	Nation	143
1402	81	Nation	10
1403	75	Nation	263
1404	78	Nation	144
1405	82	Nation	15
1406	139	Nation	544
1407	140	Nation	590
1408	132	Nation	1
1409	73	Nation	1
1410	261	Nation	1
1411	138	Nation	11
1412	52	Nation	35
1413	52	Nation	15
1414	289	Nation	1
1415	289	Nation	10
1416	193	Nation	23
1417	194	Nation	6
1418	95	Nation	786
1419	90	Nation	437
1420	91	Nation	276
1421	92	Nation	5
1422	93	Nation	278
1423	94	Nation	5
1424	74	Nation	437
1425	76	Nation	277
1426	80	Nation	10
1427	75	Nation	274
1428	78	Nation	276
1429	82	Nation	10
1430	294	Nation	541
1431	294	Nation	282
1432	294	Nation	1085
1433	295	Nation	283
1434	295	Nation	913
1435	139	Nation	1382
1436	140	Nation	586
1437	141	Nation	508
1438	138	Nation	11
1439	52	Nation	16
1440	73	Nation	2
1441	46	Nation	1
1442	207	Nation	1
1443	289	Nation	1
1444	289	Nation	10
1445	198	Nation	50
1446	270	Nation	66
1447	193	Nation	23
1448	194	Nation	16
1449	95	Nation	2353
1450	90	Nation	2354
1451	91	Nation	2344
1452	92	Nation	10
1453	93	Nation	2343
1454	94	Nation	10
1455	74	Nation	2354
1456	76	Nation	2344
1457	80	Nation	15
1458	77	Nation	2343
1459	81	Nation	10
1460	75	Nation	2356
1461	78	Nation	2346
1462	82	Nation	15
1463	295	Nation	1939
1464	295	Nation	1938
1465	132	Nation	1
1466	73	Nation	2
1467	138	Nation	11
1468	52	Nation	155
1469	52	Nation	156
1470	289	Nation	1
1471	289	Nation	10
1472	193	Nation	23
1473	194	Nation	6
1474	279	Nation	128
1475	95	Nation	1119
1476	90	Nation	1135
1477	91	Nation	1120
1478	92	Nation	20
1479	93	Nation	1122
1480	94	Nation	15
1481	74	Nation	1127
1482	76	Nation	1118
1483	80	Nation	20
1484	77	Nation	1122
1485	81	Nation	10
1486	84	Nation	1121
1487	85	Nation	10
1488	75	Nation	1135
1489	78	Nation	1133
1490	82	Nation	10
1491	294	Nation	1118
1492	294	Nation	1120
1493	294	Nation	1121
1494	294	Nation	1122
1495	295	Nation	1127
1496	139	Nation	2270
1497	73	Nation	-2
1498	138	Nation	16
1499	52	Nation	78
1500	289	Nation	8
1501	289	Nation	10
1502	198	Nation	75
1503	270	Nation	77
1504	193	Nation	23
1505	194	Nation	6
1506	195	Nation	24
1507	196	Nation	6
1508	275	Nation	1
1509	95	Nation	1963
1510	90	Nation	1398
1511	91	Nation	1393
1512	92	Nation	15
1513	93	Nation	1395
1514	94	Nation	10
1515	74	Nation	1398
1516	76	Nation	1393
1517	80	Nation	10
1518	77	Nation	1390
1519	81	Nation	10
1520	84	Nation	1395
1521	85	Nation	10
1522	75	Nation	1398
1523	78	Nation	1399
1524	82	Nation	10
1525	186	Nation	1531
1526	189	Nation	1550
1527	298	Nation	1393
1528	298	Nation	1394
1529	298	Nation	1395
1530	299	Nation	1963
1531	299	Nation	2467
1532	299	Nation	1608
1533	311	Nation	15
1534	312	Nation	15
1535	138	Nation	15
1536	52	Nation	106
1537	289	Nation	4
1538	289	Nation	10
1539	198	Nation	50
1540	270	Nation	85
1541	270	Nation	86
1542	270	Nation	87
1543	139	Nation	1670
1544	193	Nation	23
1545	194	Nation	6
1546	193	Nation	24
1547	194	Nation	2
1548	264	Nation	1
1549	95	Nation	2010
1550	90	Nation	2009
1551	91	Nation	2005
1552	92	Nation	10
1553	93	Nation	2007
1554	94	Nation	5
1555	74	Nation	2009
1556	76	Nation	2005
1557	80	Nation	4
1558	77	Nation	2007
1559	81	Nation	3
1560	75	Nation	2009
1561	78	Nation	2061
1562	82	Nation	5
1563	139	Nation	2047
1564	140	Nation	2048
1565	141	Nation	2049
1566	73	Nation	-2
1567	138	Nation	11
1568	52	Nation	144
1569	52	Nation	145
1570	289	Nation	5
1571	289	Nation	10
1572	193	Nation	22
1573	194	Nation	6
1574	279	Nation	4194320
1575	280	Nation	64
1576	95	Nation	2666
1577	90	Nation	2647
1578	91	Nation	2646
1579	92	Nation	15
1580	93	Nation	2652
1581	94	Nation	15
1582	74	Nation	2647
1583	76	Nation	2646
1584	80	Nation	10
1585	77	Nation	2652
1586	81	Nation	10
1587	84	Nation	2648
1588	85	Nation	10
1589	75	Nation	2660
1590	78	Nation	2709
1591	82	Nation	20
1592	79	Nation	2701
1593	83	Nation	10
1594	298	Nation	2643
1595	298	Nation	2644
1596	298	Nation	2645
1597	298	Nation	2646
1598	299	Nation	2647
1599	299	Nation	2664
1600	299	Nation	2665
1601	138	Nation	14
1602	52	Nation	172
1603	52	Nation	173
1604	289	Nation	10
1605	73	Nation	1
1606	270	Nation	34
1607	139	Nation	2712
1608	140	Nation	2713
1609	210	Nation	1
1610	128	Nation	1
1611	193	Nation	23
1612	194	Nation	8
1613	264	Nation	1
1614	275	Nation	1
1615	274	Nation	1
1616	311	Nation	10
1617	312	Nation	10
1618	279	Nation	128
1619	95	Nation	2732
1620	90	Nation	2715
1621	91	Nation	2722
1622	92	Nation	10
1623	93	Nation	2724
1624	94	Nation	10
1625	74	Nation	2715
1626	76	Nation	2723
1627	80	Nation	10
1628	77	Nation	2726
1629	81	Nation	10
1630	75	Nation	441
1631	78	Nation	110
1632	82	Nation	10
1633	171	Nation	111
1634	173	Nation	10
1635	177	Nation	112
1636	174	Nation	110
1637	178	Nation	10
1638	172	Nation	107
1639	175	Nation	10
1640	179	Nation	2733
1641	176	Nation	2734
1642	180	Nation	20
1643	294	Nation	2727
1644	294	Nation	2734
1645	294	Nation	2735
1646	295	Nation	2720
1647	295	Nation	2728
1648	295	Nation	2733
1649	295	Nation	2682
1650	302	Nation	2734
1651	302	Nation	2735
1652	303	Nation	2733
1653	303	Nation	2719
1654	73	Nation	-1
1655	207	Nation	1
1656	138	Nation	14
1657	52	Nation	177
1658	52	Nation	178
1659	52	Nation	179
1660	289	Nation	6
1661	289	Nation	10
1662	193	Nation	619
1663	194	Nation	8
1664	270	Nation	93
1665	264	Nation	1
1666	95	Nation	431
1667	90	Nation	1552
1668	91	Nation	201
1669	92	Nation	15
1670	93	Nation	1551
1671	94	Nation	10
1672	74	Nation	1552
1673	76	Nation	201
1674	80	Nation	10
1675	77	Nation	1551
1676	81	Nation	10
1677	84	Nation	50
1678	85	Nation	10
1679	75	Nation	242
1680	78	Nation	14
1681	82	Nation	10
1682	138	Nation	6
1683	52	Nation	122
1684	52	Nation	123
1685	52	Nation	124
1686	134	Nation	250
1687	137	Nation	1
1688	289	Nation	5
1689	289	Nation	3
1690	289	Nation	10
1691	198	Nation	75
1692	139	Nation	587
1693	140	Nation	954
1694	141	Nation	1089
1695	193	Nation	22
1696	194	Nation	6
1697	95	Nation	426
1698	90	Nation	1869
1699	91	Nation	1867
1700	92	Nation	15
1701	74	Nation	1869
1702	76	Nation	1862
1703	80	Nation	10
1704	77	Nation	1863
1705	81	Nation	10
1706	84	Nation	1864
1707	85	Nation	5
1708	75	Nation	1872
1709	78	Nation	1864
1710	82	Nation	10
1711	138	Nation	2
1712	52	Nation	138
1713	52	Nation	139
1714	52	Nation	43
1715	289	Nation	3
1716	289	Nation	7
1717	289	Nation	10
1718	139	Nation	865
1719	140	Nation	866
1720	149	Nation	37
1721	193	Nation	206
1722	194	Nation	2
1723	95	Nation	681
1724	90	Nation	678
1725	91	Nation	672
1726	92	Nation	8
1727	93	Nation	673
1728	94	Nation	8
1729	74	Nation	2333
1730	76	Nation	672
1731	80	Nation	10
1732	77	Nation	673
1733	81	Nation	10
1734	75	Nation	681
1735	78	Nation	2336
1736	82	Nation	10
1737	35	Nation	30
1738	287	Nation	1
1739	123	Nation	1
1740	290	Nation	1
1741	138	Nation	8
1742	263	Nation	75
1743	210	Nation	1
1744	205	Nation	1
1745	269	Nation	1
1746	288	Nation	100
1747	100	Nation	157
1748	156	Nation	1
1749	289	Nation	3
1750	289	Nation	10
1751	139	Nation	183
1752	140	Nation	945
1753	193	Nation	206
1754	194	Nation	2
1755	95	Nation	56
1756	90	Nation	54
1757	91	Nation	61
1758	92	Nation	10
1759	93	Nation	59
1760	94	Nation	10
1761	74	Nation	54
1762	76	Nation	61
1763	80	Nation	10
1764	77	Nation	31
1765	81	Nation	10
1766	84	Nation	50
1767	85	Nation	10
1768	75	Nation	1645
1769	78	Nation	59
1770	82	Nation	10
1771	79	Nation	1642
1772	83	Nation	10
1773	138	Nation	3
1774	52	Nation	127
1775	289	Nation	2
1776	289	Nation	10
1777	139	Nation	376
1778	193	Nation	25
1779	194	Nation	6
1780	95	Nation	1018
1781	90	Nation	1016
1782	91	Nation	1013
1783	92	Nation	8
1784	93	Nation	1015
1785	94	Nation	8
1786	74	Nation	114
1787	76	Nation	1013
1788	80	Nation	10
1789	77	Nation	482
1790	81	Nation	15
1791	75	Nation	739
1792	78	Nation	1014
1793	82	Nation	10
1794	136	Nation	25
1795	138	Nation	4
1796	52	Nation	29
1797	52	Nation	42
1798	52	Nation	44
1799	289	Nation	1
1800	289	Nation	2
1801	289	Nation	10
1802	139	Nation	1021
1803	140	Nation	1024
1804	141	Nation	1035
1805	193	Nation	25
1806	194	Nation	6
1807	185	Nation	1
1808	158	Nation	1031
1809	95	Nation	2107
1810	90	Nation	1029
1811	91	Nation	2109
1812	92	Nation	10
1813	93	Nation	2108
1814	94	Nation	10
1815	74	Nation	1029
1816	76	Nation	2109
1817	80	Nation	15
1818	77	Nation	2108
1819	81	Nation	10
1820	75	Nation	1031
1821	78	Nation	2111
1822	82	Nation	10
1823	79	Nation	2110
1824	83	Nation	10
1825	41	Nation	1
1826	132	Nation	1
1827	207	Nation	1
1828	261	Nation	1
1829	138	Nation	9
1830	52	Nation	70
1831	52	Nation	71
1832	289	Nation	3
1833	289	Nation	6
1834	289	Nation	2
1835	289	Nation	10
1836	139	Nation	583
1837	140	Nation	588
1838	141	Nation	589
1839	193	Nation	25
1840	194	Nation	6
1841	275	Nation	1
1842	95	Nation	729
1843	90	Nation	730
1844	91	Nation	721
1845	92	Nation	20
1846	93	Nation	1545
1847	94	Nation	15
1848	74	Nation	730
1849	76	Nation	721
1850	80	Nation	20
1851	77	Nation	722
1852	81	Nation	10
1853	75	Nation	731
1854	78	Nation	727
1855	82	Nation	10
1856	171	Nation	441
1857	173	Nation	110
1858	177	Nation	10
1859	174	Nation	111
1860	178	Nation	10
1861	172	Nation	112
1862	175	Nation	110
1863	179	Nation	10
1864	176	Nation	107
1865	180	Nation	10
1866	139	Nation	933
1867	140	Nation	936
1868	141	Nation	935
1869	131	Nation	1
1870	132	Nation	1
1871	169	Nation	1
1872	73	Nation	-1
1873	207	Nation	1
1874	288	Nation	100
1875	138	Nation	14
1876	52	Nation	102
1877	52	Nation	104
1878	52	Nation	105
1879	52	Nation	103
1880	289	Nation	6
1881	289	Nation	10
1882	193	Nation	22
1883	194	Nation	6
1884	270	Nation	82
1885	270	Nation	83
1886	264	Nation	2
1887	95	Nation	1771
1888	90	Nation	792
1889	91	Nation	794
1890	92	Nation	15
1891	93	Nation	797
1892	94	Nation	15
1893	74	Nation	792
1894	76	Nation	794
1895	80	Nation	10
1896	77	Nation	797
1897	81	Nation	10
1898	84	Nation	938
1899	85	Nation	5
1900	75	Nation	1710
1901	78	Nation	939
1902	82	Nation	10
1903	138	Nation	15
1904	52	Nation	52
1905	52	Nation	130
1906	289	Nation	4
1907	289	Nation	10
1908	139	Nation	942
1909	140	Nation	943
1910	141	Nation	944
1911	193	Nation	264
1912	194	Nation	8
1913	275	Nation	1
1914	95	Nation	1257
1915	90	Nation	1249
1916	91	Nation	1238
1917	92	Nation	15
1918	93	Nation	1239
1919	94	Nation	10
1920	74	Nation	1249
1921	76	Nation	1238
1922	80	Nation	20
1923	77	Nation	1239
1924	81	Nation	5
1925	75	Nation	1251
1926	78	Nation	1240
1927	82	Nation	15
1928	171	Nation	2102
1929	173	Nation	2101
1930	177	Nation	8
1931	172	Nation	2102
1932	175	Nation	2103
1933	179	Nation	8
1934	138	Nation	15
1935	52	Nation	92
1936	52	Nation	93
1937	289	Nation	4
1938	289	Nation	10
1939	186	Nation	2102
1940	187	Nation	2104
1941	189	Nation	2101
1942	190	Nation	2103
1943	198	Nation	50
1944	139	Nation	1579
1945	140	Nation	1580
1946	141	Nation	1915
1947	193	Nation	24
1948	194	Nation	8
1949	264	Nation	2
1950	274	Nation	2
1951	311	Nation	10
1952	312	Nation	10
1953	95	Nation	1448
1954	90	Nation	1445
1955	91	Nation	1447
1956	92	Nation	15
1957	93	Nation	1355
1958	94	Nation	10
1959	74	Nation	1445
1960	76	Nation	1447
1961	80	Nation	10
1962	77	Nation	1355
1963	81	Nation	10
1964	75	Nation	1446
1965	78	Nation	1352
1966	82	Nation	10
1967	138	Nation	8
1968	52	Nation	107
1969	52	Nation	108
1970	289	Nation	10
1971	139	Nation	2530
1972	193	Nation	463
1973	194	Nation	6
1974	270	Nation	81
1975	274	Nation	1
1976	279	Nation	64
1977	95	Nation	1091
1978	90	Nation	992
1979	91	Nation	984
1980	92	Nation	15
1981	93	Nation	985
1982	94	Nation	10
1983	74	Nation	992
1984	76	Nation	984
1985	80	Nation	10
1986	77	Nation	985
1987	81	Nation	10
1988	75	Nation	1091
1989	78	Nation	1090
1990	82	Nation	15
1991	132	Nation	1
1992	73	Nation	-2
1993	207	Nation	1
1994	200	Nation	1
1995	138	Nation	0
1996	52	Nation	38
1997	52	Nation	76
1998	52	Nation	39
1999	170	Nation	1
2000	289	Nation	7
2001	289	Nation	10
2002	139	Nation	581
2003	140	Nation	867
2004	141	Nation	1968
2005	193	Nation	206
2006	194	Nation	2
2007	279	Nation	4194320
2008	95	Nation	2595
2009	90	Nation	418
2010	91	Nation	2594
2011	92	Nation	15
2012	93	Nation	2574
2013	94	Nation	10
2014	74	Nation	418
2015	76	Nation	2571
2016	80	Nation	10
2017	77	Nation	2594
2018	81	Nation	10
2019	75	Nation	951
2020	78	Nation	420
2021	82	Nation	10
2022	79	Nation	2574
2023	83	Nation	10
2024	139	Nation	556
2025	140	Nation	557
2026	73	Nation	1
2027	270	Nation	43
2028	138	Nation	7
2029	52	Nation	40
2030	52	Nation	41
2031	289	Nation	8
2032	289	Nation	5
2033	289	Nation	10
2034	193	Nation	23
2035	194	Nation	8
2036	279	Nation	64
2037	95	Nation	502
2038	90	Nation	163
2039	91	Nation	167
2040	92	Nation	15
2041	93	Nation	166
2042	94	Nation	10
2043	74	Nation	163
2044	76	Nation	168
2045	80	Nation	10
2046	77	Nation	166
2047	81	Nation	20
2048	75	Nation	162
2049	78	Nation	165
2050	82	Nation	10
2051	79	Nation	166
2052	83	Nation	10
2053	300	Nation	1094
2054	139	Nation	380
2055	140	Nation	864
2056	141	Nation	1660
2057	73	Nation	-2
2058	210	Nation	1
2059	125	Nation	1
2060	197	Nation	1
2061	138	Nation	5
2062	52	Nation	63
2063	52	Nation	12
2064	289	Nation	7
2065	289	Nation	10
2066	198	Nation	50
2067	193	Nation	206
2068	194	Nation	1
2069	195	Nation	167
2070	196	Nation	1
2071	279	Nation	128
2072	95	Nation	430
2073	90	Nation	699
2074	91	Nation	229
2075	92	Nation	15
2076	93	Nation	228
2077	94	Nation	15
2078	74	Nation	699
2079	76	Nation	229
2080	80	Nation	10
2081	77	Nation	697
2082	81	Nation	5
2083	84	Nation	239
2084	85	Nation	10
2085	75	Nation	701
2086	78	Nation	228
2087	82	Nation	10
2088	79	Nation	698
2089	83	Nation	5
2090	124	Nation	1
2091	139	Nation	540
2092	140	Nation	770
2093	141	Nation	614
2094	142	Nation	611
2095	133	Nation	200
2096	138	Nation	10
2097	52	Nation	49
2098	289	Nation	3
2099	289	Nation	10
2100	193	Nation	23
2101	194	Nation	6
2102	264	Nation	2
2103	95	Nation	426
2104	90	Nation	2150
2105	91	Nation	142
2106	92	Nation	12
2107	93	Nation	143
2108	94	Nation	10
2109	74	Nation	422
2110	76	Nation	142
2111	80	Nation	15
2112	77	Nation	143
2113	81	Nation	10
2114	75	Nation	263
2115	78	Nation	144
2116	82	Nation	15
2117	139	Nation	544
2118	140	Nation	590
2119	132	Nation	1
2120	73	Nation	1
2121	261	Nation	1
2122	138	Nation	11
2123	52	Nation	58
2124	289	Nation	1
2125	289	Nation	10
2126	193	Nation	23
2127	194	Nation	6
2128	95	Nation	426
2129	90	Nation	839
2130	91	Nation	837
2131	92	Nation	10
2132	93	Nation	276
2133	94	Nation	8
2134	74	Nation	839
2135	76	Nation	837
2136	80	Nation	10
2137	77	Nation	838
2138	81	Nation	15
2139	75	Nation	274
2140	78	Nation	276
2141	82	Nation	5
2142	139	Nation	1382
2143	140	Nation	586
2144	138	Nation	11
2145	52	Nation	47
2146	73	Nation	1
2147	289	Nation	1
2148	289	Nation	10
2149	198	Nation	50
2150	193	Nation	471
2151	194	Nation	3
2152	95	Nation	426
2153	90	Nation	1918
2154	91	Nation	1931
2155	92	Nation	15
2156	93	Nation	1928
2157	94	Nation	15
2158	74	Nation	1918
2159	76	Nation	1929
2160	80	Nation	10
2161	77	Nation	1931
2162	81	Nation	10
2163	84	Nation	1928
2164	85	Nation	10
2165	75	Nation	1917
2166	78	Nation	1930
2167	82	Nation	10
2168	79	Nation	1926
2169	83	Nation	10
2170	73	Nation	2
2171	138	Nation	4
2172	52	Nation	140
2173	52	Nation	141
2174	289	Nation	1
2175	289	Nation	10
2176	139	Nation	1958
2177	140	Nation	1959
2178	141	Nation	1962
2179	149	Nation	1957
2180	193	Nation	23
2181	194	Nation	8
2182	279	Nation	128
2183	95	Nation	1119
2184	90	Nation	1135
2185	91	Nation	1120
2186	92	Nation	20
2187	93	Nation	1122
2188	94	Nation	15
2189	74	Nation	1127
2190	76	Nation	1118
2191	80	Nation	20
2192	77	Nation	1121
2193	81	Nation	10
2194	84	Nation	1125
2195	85	Nation	10
2196	75	Nation	1135
2197	78	Nation	1133
2198	82	Nation	10
2199	294	Nation	1118
2200	294	Nation	1120
2201	294	Nation	1121
2202	294	Nation	1122
2203	295	Nation	1127
2204	302	Nation	1318
2205	303	Nation	2476
2206	73	Nation	-2
2207	138	Nation	16
2208	52	Nation	96
2209	52	Nation	97
2210	289	Nation	8
2211	289	Nation	10
2212	198	Nation	50
2213	270	Nation	77
2214	193	Nation	23
2215	194	Nation	4
2216	195	Nation	24
2217	196	Nation	4
2218	95	Nation	1995
2219	90	Nation	2002
2220	91	Nation	1993
2221	92	Nation	15
2222	93	Nation	1992
2223	94	Nation	10
2224	74	Nation	2002
2225	76	Nation	1993
2226	80	Nation	10
2227	77	Nation	1992
2228	81	Nation	10
2229	75	Nation	1984
2230	78	Nation	1989
2231	82	Nation	10
2232	139	Nation	2070
2233	149	Nation	1985
2234	73	Nation	-1
2235	132	Nation	1
2236	133	Nation	800
2237	207	Nation	1
2238	138	Nation	11
2239	52	Nation	142
2240	52	Nation	143
2241	289	Nation	5
2242	289	Nation	10
2243	193	Nation	22
2244	194	Nation	4
2245	195	Nation	206
2246	196	Nation	1
2247	279	Nation	4194384
2248	95	Nation	2595
2249	90	Nation	2597
2250	91	Nation	2580
2251	92	Nation	10
2252	93	Nation	2581
2253	94	Nation	10
2254	74	Nation	2596
2255	76	Nation	2579
2256	80	Nation	20
2257	77	Nation	2580
2258	81	Nation	20
2259	75	Nation	2588
2260	78	Nation	2589
2261	82	Nation	10
2262	79	Nation	2581
2263	83	Nation	10
2264	139	Nation	2639
2265	309	Nation	1
2266	313	Nation	2562
2267	270	Nation	43
2268	138	Nation	27
2269	133	Nation	800
2270	308	Nation	0
2271	52	Nation	170
2272	52	Nation	171
2273	289	Nation	8
2274	289	Nation	5
2275	289	Nation	10
2276	193	Nation	23
2277	194	Nation	8
2278	275	Nation	1
2279	274	Nation	1
2280	311	Nation	10
2281	312	Nation	10
2282	279	Nation	128
2283	95	Nation	2748
2284	90	Nation	2782
2285	91	Nation	2742
2286	92	Nation	10
2287	93	Nation	2741
2288	94	Nation	10
2289	74	Nation	2782
2290	76	Nation	2738
2291	80	Nation	10
2292	77	Nation	2741
2293	81	Nation	10
2294	75	Nation	2675
2295	78	Nation	2742
2296	82	Nation	20
2297	171	Nation	441
2298	173	Nation	110
2299	177	Nation	10
2300	174	Nation	111
2301	178	Nation	10
2302	172	Nation	112
2303	175	Nation	110
2304	179	Nation	10
2305	176	Nation	107
2306	180	Nation	10
2307	294	Nation	2738
2308	294	Nation	2739
2309	295	Nation	2782
2310	295	Nation	2751
2311	302	Nation	2738
2312	302	Nation	2739
2313	303	Nation	2782
2314	303	Nation	2750
2315	139	Nation	2763
2316	132	Nation	1
2317	73	Nation	-1
2318	207	Nation	1
2319	138	Nation	14
2320	52	Nation	180
2321	52	Nation	181
2322	289	Nation	6
2323	289	Nation	10
2324	193	Nation	619
2325	194	Nation	8
2326	270	Nation	93
2327	264	Nation	1
2328	293	Nation	1
2329	275	Nation	1
2330	279	Nation	2048
2331	289	Nation	9
2332	95	Nation	1680
2333	90	Nation	1701
2334	91	Nation	1681
2335	92	Nation	15
2336	93	Nation	1686
2337	94	Nation	10
2338	74	Nation	1701
2339	76	Nation	1681
2340	80	Nation	10
2341	77	Nation	1686
2342	81	Nation	10
2343	75	Nation	1693
2344	78	Nation	1681
2345	82	Nation	10
2346	79	Nation	1684
2347	83	Nation	10
2348	171	Nation	1701
2349	173	Nation	1681
2350	177	Nation	10
2351	174	Nation	1686
2352	178	Nation	10
2353	172	Nation	1693
2354	175	Nation	1681
2355	179	Nation	10
2356	176	Nation	1684
2357	180	Nation	10
2358	158	Nation	1694
2359	160	Nation	1682
2360	73	Nation	0
2361	138	Nation	1
2362	52	Nation	128
2363	52	Nation	129
2364	198	Nation	50
2365	193	Nation	22
2366	194	Nation	6
2367	264	Nation	2
2368	293	Nation	1
2369	275	Nation	1
2370	279	Nation	2048
2371	289	Nation	9
2372	95	Nation	432
2373	90	Nation	1523
2374	91	Nation	335
2375	92	Nation	15
2376	93	Nation	1517
2377	94	Nation	10
2378	74	Nation	1523
2379	76	Nation	335
2380	80	Nation	15
2381	77	Nation	1515
2382	81	Nation	10
2383	75	Nation	1527
2384	78	Nation	336
2385	82	Nation	10
2386	79	Nation	1524
2387	83	Nation	10
2388	171	Nation	1523
2389	173	Nation	335
2390	177	Nation	15
2391	174	Nation	1515
2392	178	Nation	10
2393	172	Nation	1527
2394	175	Nation	336
2395	179	Nation	10
2396	176	Nation	1524
2397	180	Nation	10
2398	73	Nation	0
2399	138	Nation	13
2400	52	Nation	116
2401	139	Nation	1691
2402	198	Nation	50
2403	193	Nation	22
2404	194	Nation	6
2405	293	Nation	1
2406	275	Nation	1
2407	280	Nation	2048
2408	289	Nation	9
2409	95	Nation	1050
2410	90	Nation	2390
2411	91	Nation	2385
2412	92	Nation	10
2413	93	Nation	2382
2414	94	Nation	10
2415	74	Nation	1293
2416	76	Nation	1046
2417	80	Nation	10
2418	75	Nation	1696
2419	78	Nation	1291
2420	82	Nation	10
2421	176	Nation	1046
2422	180	Nation	10
2423	171	Nation	2390
2424	173	Nation	2385
2425	177	Nation	10
2426	174	Nation	1056
2427	178	Nation	10
2428	172	Nation	2395
2429	175	Nation	2382
2430	179	Nation	10
2431	176	Nation	2386
2432	180	Nation	10
2433	73	Nation	0
2434	138	Nation	1
2435	52	Nation	72
2436	198	Nation	50
2437	158	Nation	1294
2438	160	Nation	1292
2439	161	Nation	2256
2440	193	Nation	22
2441	194	Nation	6
2442	293	Nation	1
2443	275	Nation	1
2444	280	Nation	2048
2445	289	Nation	9
2446	95	Nation	2370
2447	90	Nation	2372
2448	91	Nation	1041
2449	92	Nation	15
2450	93	Nation	2376
2451	94	Nation	15
2452	74	Nation	2372
2453	76	Nation	1041
2454	80	Nation	10
2455	77	Nation	2378
2456	81	Nation	10
2457	75	Nation	2392
2458	78	Nation	2372
2459	82	Nation	10
2460	79	Nation	1408
2461	83	Nation	5
2462	171	Nation	2372
2463	173	Nation	1041
2464	177	Nation	10
2465	174	Nation	2378
2466	178	Nation	10
2467	172	Nation	2392
2468	175	Nation	2372
2469	179	Nation	10
2470	176	Nation	1408
2471	180	Nation	5
2472	73	Nation	0
2473	133	Nation	200
2474	138	Nation	1
2475	52	Nation	101
2476	198	Nation	50
2477	158	Nation	2372
2478	160	Nation	2376
2479	161	Nation	2378
2480	193	Nation	23
2481	194	Nation	6
2482	264	Nation	0
2483	293	Nation	1
2484	275	Nation	1
2485	289	Nation	9
2486	95	Nation	432
2487	90	Nation	207
2488	91	Nation	111
2489	92	Nation	12
2490	93	Nation	107
2491	94	Nation	8
2492	74	Nation	441
2493	76	Nation	110
2494	80	Nation	10
2495	77	Nation	107
2496	81	Nation	10
2497	75	Nation	112
2498	78	Nation	111
2499	82	Nation	10
2500	79	Nation	208
2501	83	Nation	10
2502	171	Nation	441
2503	173	Nation	110
2504	177	Nation	10
2505	174	Nation	107
2506	178	Nation	10
2507	172	Nation	112
2508	175	Nation	111
2509	179	Nation	10
2510	176	Nation	208
2511	180	Nation	10
2512	158	Nation	207
2513	160	Nation	107
2514	73	Nation	0
2515	138	Nation	1
2516	52	Nation	2
2517	139	Nation	373
2518	140	Nation	558
2519	198	Nation	50
2520	193	Nation	23
2521	194	Nation	6
2522	293	Nation	1
2523	157	Nation	1
2524	275	Nation	1
2525	279	Nation	2048
2526	289	Nation	9
2527	95	Nation	432
2528	90	Nation	445
2529	91	Nation	337
2530	92	Nation	20
2531	93	Nation	335
2532	94	Nation	10
2533	74	Nation	445
2534	76	Nation	337
2535	80	Nation	20
2536	77	Nation	335
2537	81	Nation	10
2538	75	Nation	333
2539	78	Nation	336
2540	82	Nation	10
2541	79	Nation	425
2542	83	Nation	5
2543	171	Nation	445
2544	173	Nation	337
2545	177	Nation	20
2546	174	Nation	335
2547	178	Nation	10
2548	172	Nation	333
2549	175	Nation	336
2550	179	Nation	10
2551	176	Nation	425
2552	180	Nation	5
2553	73	Nation	0
2554	138	Nation	13
2555	52	Nation	17
2556	52	Nation	45
2557	139	Nation	560
2558	140	Nation	660
2559	141	Nation	622
2560	158	Nation	443
2561	159	Nation	2470
2562	160	Nation	970
2563	161	Nation	971
2564	193	Nation	86
2565	194	Nation	1
2566	195	Nation	23
2567	196	Nation	4
2568	293	Nation	1
2569	275	Nation	1
2570	280	Nation	2048
2571	289	Nation	9
2572	95	Nation	1050
2573	90	Nation	1069
2574	91	Nation	1056
2575	92	Nation	15
2576	93	Nation	1057
2577	94	Nation	10
2578	74	Nation	1293
2579	76	Nation	1046
2580	80	Nation	10
2581	75	Nation	1696
2582	78	Nation	1291
2583	82	Nation	10
2584	176	Nation	1046
2585	180	Nation	10
2586	171	Nation	1069
2587	173	Nation	1056
2588	177	Nation	10
2589	174	Nation	1056
2590	178	Nation	10
2591	172	Nation	1061
2592	175	Nation	1057
2593	179	Nation	10
2594	176	Nation	1046
2595	180	Nation	10
2596	73	Nation	0
2597	138	Nation	1
2598	52	Nation	160
2599	198	Nation	50
2600	158	Nation	1294
2601	160	Nation	1292
2602	193	Nation	22
2603	194	Nation	6
2604	293	Nation	1
2605	275	Nation	1
2606	280	Nation	2048
2607	289	Nation	9
2608	95	Nation	2370
2609	90	Nation	2372
2610	91	Nation	2404
2611	92	Nation	15
2612	93	Nation	2408
2613	94	Nation	10
2614	74	Nation	2372
2615	76	Nation	2404
2616	80	Nation	15
2617	77	Nation	2408
2618	81	Nation	10
2619	75	Nation	2411
2620	78	Nation	1409
2621	82	Nation	5
2622	79	Nation	2408
2623	83	Nation	5
2624	171	Nation	2372
2625	173	Nation	2406
2626	177	Nation	15
2627	174	Nation	2408
2628	178	Nation	10
2629	172	Nation	2410
2630	175	Nation	1408
2631	179	Nation	5
2632	176	Nation	1043
2633	180	Nation	5
2634	73	Nation	0
2635	138	Nation	1
2636	52	Nation	162
2637	198	Nation	50
2638	158	Nation	1294
2639	160	Nation	1292
2640	193	Nation	23
2641	194	Nation	6
2642	264	Nation	1
2643	185	Nation	1
2644	275	Nation	1
2645	95	Nation	1631
2646	90	Nation	1632
2647	91	Nation	1617
2648	92	Nation	15
2649	93	Nation	1625
2650	94	Nation	10
2651	74	Nation	1632
2652	76	Nation	1617
2653	80	Nation	10
2654	77	Nation	1625
2655	81	Nation	10
2656	75	Nation	1633
2657	78	Nation	1626
2658	82	Nation	10
2659	79	Nation	1627
2660	83	Nation	5
2661	171	Nation	441
2662	173	Nation	110
2663	177	Nation	10
2664	174	Nation	111
2665	178	Nation	10
2666	172	Nation	2084
2667	175	Nation	110
2668	179	Nation	10
2669	176	Nation	107
2670	180	Nation	10
2671	139	Nation	1634
2672	140	Nation	2085
2673	73	Nation	2
2674	138	Nation	2
2675	52	Nation	126
2676	289	Nation	10
2677	186	Nation	207
2678	187	Nation	2088
2679	188	Nation	2083
2680	211	Nation	2084
2681	189	Nation	111
2682	190	Nation	107
2683	191	Nation	1621
2684	213	Nation	2087
2685	198	Nation	50
2686	193	Nation	22
2687	194	Nation	6
2688	293	Nation	1
2689	275	Nation	1
2690	167	Nation	1
2691	35	Nation	5
2692	168	Nation	10
2693	157	Nation	1
2694	279	Nation	2048
2695	289	Nation	9
2696	95	Nation	432
2697	90	Nation	445
2698	91	Nation	337
2699	92	Nation	20
2700	93	Nation	335
2701	94	Nation	10
2702	74	Nation	445
2703	76	Nation	337
2704	80	Nation	20
2705	77	Nation	335
2706	81	Nation	10
2707	75	Nation	333
2708	78	Nation	336
2709	82	Nation	10
2710	79	Nation	425
2711	83	Nation	5
2712	171	Nation	445
2713	173	Nation	337
2714	177	Nation	20
2715	174	Nation	335
2716	178	Nation	10
2717	172	Nation	333
2718	175	Nation	336
2719	179	Nation	10
2720	176	Nation	425
2721	180	Nation	5
2722	73	Nation	0
2723	138	Nation	13
2724	52	Nation	164
2725	52	Nation	45
2726	139	Nation	560
2727	140	Nation	660
2728	158	Nation	443
2729	159	Nation	2470
2730	160	Nation	970
2731	161	Nation	971
2732	162	Nation	972
2733	163	Nation	1563
2734	193	Nation	86
2735	194	Nation	1
2736	195	Nation	23
2737	196	Nation	4
2738	269	Armor	1
2739	267	Armor	1
2740	269	Armor	1
2741	267	Armor	1
2742	267	Armor	1
2743	267	Armor	1
2744	267	Armor	1
2745	267	Armor	1
2746	267	Armor	1
2747	267	Armor	1
2748	267	Armor	1
2749	267	Armor	1
2750	267	Armor	1
2751	267	Armor	1
2752	267	Armor	1
2753	267	Armor	1
2754	267	Armor	1
2755	267	Armor	1
2756	267	Armor	1
2757	267	Armor	1
2758	267	Armor	1
2759	267	Armor	1
2760	267	Armor	1
2761	267	Armor	1
2762	267	Armor	1
2763	269	Armor	1
2764	267	Armor	1
2765	269	Armor	1
2766	267	Armor	1
2767	267	Armor	1
2768	267	Armor	1
2769	267	Armor	1
2770	267	Armor	1
2771	267	Armor	1
2772	267	Armor	1
2773	267	Armor	1
2774	267	Armor	1
2775	267	Armor	1
2776	267	Armor	1
2777	267	Armor	1
2778	267	Armor	1
2779	269	Armor	1
2780	269	Armor	1
2781	269	Armor	1
2782	267	Armor	1
2783	269	Armor	1
2784	267	Armor	1
2785	267	Armor	1
2786	269	Armor	1
2787	267	Armor	1
2788	267	Armor	1
2789	267	Armor	1
2790	269	Armor	1
2791	266	Weapon	1
2792	266	Weapon	1
2793	266	Weapon	1
2794	266	Weapon	1
2795	266	Weapon	1
2796	266	Weapon	1
2797	268	Weapon	1
2798	266	Weapon	1
2799	266	Weapon	1
2800	266	Weapon	1
2801	266	Weapon	1
2802	266	Weapon	1
2803	266	Weapon	1
2804	266	Weapon	1
2805	266	Weapon	1
2806	266	Weapon	1
2807	268	Weapon	1
2808	268	Weapon	1
2809	268	Weapon	1
2810	266	Weapon	1
2811	266	Weapon	1
2812	302	Weapon	1
2813	266	Weapon	1
2814	268	Weapon	1
2815	482	Weapon	1
2816	482	Weapon	1
2817	482	Weapon	1
2818	482	Weapon	1
2819	266	Weapon	1
2820	266	Weapon	1
2821	302	Weapon	1
2822	302	Weapon	1
2823	266	Weapon	1
2824	268	Weapon	1
2825	482	Weapon	1
2826	302	Weapon	1
2827	266	Weapon	1
2828	266	Weapon	1
2829	268	Weapon	1
2830	482	Weapon	1
2831	266	Weapon	1
2832	302	Weapon	1
2833	302	Weapon	1
2834	268	Weapon	1
2835	268	Weapon	1
2836	302	Weapon	1
2837	266	Weapon	1
2838	268	Weapon	1
2839	266	Weapon	1
2840	302	Weapon	1
2841	266	Weapon	1
2842	266	Weapon	1
2843	266	Weapon	1
2844	266	Weapon	1
2845	266	Weapon	1
2846	302	Weapon	1
2847	268	Weapon	1
2848	268	Weapon	1
2849	266	Weapon	1
2850	266	Weapon	1
2851	302	Weapon	1
2852	266	Weapon	1
2853	266	Weapon	1
2854	266	Weapon	1
2855	268	Weapon	1
2856	268	Weapon	1
2857	302	Weapon	1
2858	302	Weapon	1
2859	266	Weapon	1
2860	268	Weapon	1
2861	266	Weapon	1
2862	266	Weapon	1
2863	266	Weapon	1
2864	268	Weapon	1
2865	266	Weapon	1
2866	266	Weapon	1
2867	268	Weapon	1
2868	268	Weapon	1
2869	266	Weapon	1
2870	266	Weapon	1
2871	266	Weapon	1
2872	266	Weapon	1
2873	266	Weapon	1
2874	266	Weapon	1
2875	266	Weapon	1
2876	302	Weapon	1
2877	268	Weapon	1
2878	266	Weapon	1
2879	266	Weapon	1
2880	302	Weapon	1
2881	302	Weapon	1
2882	268	Weapon	1
2883	266	Weapon	1
2884	268	Weapon	1
2885	482	Weapon	1
2886	302	Weapon	1
2887	266	Weapon	1
2888	268	Weapon	1
2889	302	Weapon	1
2890	266	Weapon	1
2891	268	Weapon	1
2892	268	Weapon	1
2893	302	Weapon	1
2894	266	Weapon	1
2895	268	Weapon	1
2896	266	Weapon	1
2897	266	Weapon	1
2898	266	Weapon	1
2899	302	Weapon	1
2900	266	Weapon	1
2901	266	Weapon	1
2902	268	Weapon	1
2903	268	Weapon	1
2904	266	Weapon	1
2905	302	Weapon	1
2906	302	Weapon	1
2907	482	Weapon	1
2908	482	Weapon	1
2909	482	Weapon	1
2910	708	Spell	1
2911	700	Spell	5
2912	278	Spell	108
2913	278	Spell	105
2914	278	Spell	133
2915	278	Spell	160
2916	278	Spell	116
2917	278	Spell	148
2918	278	Spell	174
2919	700	Spell	5
2920	278	Spell	161
2921	278	Spell	109
2922	278	Spell	161
2923	278	Spell	108
2924	278	Spell	108
2925	278	Spell	142
2926	278	Spell	110
2927	278	Spell	142
2928	278	Spell	142
2929	278	Spell	167
2930	278	Spell	110
2931	278	Spell	127
2932	278	Spell	127
2933	278	Spell	169
2934	278	Spell	169
2935	278	Spell	169
2936	278	Spell	169
2937	278	Spell	169
2938	278	Spell	127
2939	278	Spell	169
2940	278	Spell	169
2941	702	Spell	128
2942	278	Spell	169
2943	278	Spell	169
2944	278	Spell	169
2945	278	Spell	169
2946	278	Spell	169
2947	278	Spell	154
2948	278	Spell	127
2949	278	Spell	169
2950	702	Spell	4194320
2951	278	Spell	171
2952	278	Spell	171
2953	278	Spell	145
2954	278	Spell	113
2955	278	Spell	113
2956	278	Spell	145
2957	278	Spell	171
2958	278	Spell	115
2959	278	Spell	147
2960	278	Spell	173
2961	278	Spell	145
2962	278	Spell	171
2963	278	Spell	113
2964	278	Spell	152
2965	278	Spell	177
2966	278	Spell	152
2967	278	Spell	177
2968	278	Spell	152
2969	278	Spell	177
2970	700	Spell	5
2971	278	Spell	152
2972	278	Spell	177
2973	278	Spell	152
2974	278	Spell	177
2975	700	Spell	4
2976	278	Spell	152
2977	278	Spell	177
2978	278	Spell	152
2979	278	Spell	177
2980	278	Spell	152
2981	278	Spell	177
2982	278	Spell	152
2983	278	Spell	177
2984	278	Spell	152
2985	278	Spell	177
2986	700	Spell	4
2987	278	Spell	152
2988	278	Spell	177
2989	278	Spell	152
2990	278	Spell	177
2991	278	Spell	152
2992	278	Spell	177
2993	702	Spell	4194320
2994	278	Spell	152
2995	278	Spell	177
2996	702	Spell	4194320
2997	278	Spell	152
2998	278	Spell	177
2999	702	Spell	128
3000	278	Spell	115
3001	278	Spell	147
3002	278	Spell	173
3003	426	Spell	8
3004	278	Spell	111
3005	278	Spell	143
3006	278	Spell	130
3007	278	Spell	180
3008	278	Spell	130
3009	278	Spell	155
3010	278	Spell	179
3011	278	Spell	179
3012	702	Spell	64
3013	278	Spell	155
3014	278	Spell	155
3015	278	Spell	155
3016	278	Spell	128
3017	702	Spell	64
3018	278	Spell	179
3019	278	Spell	155
3020	278	Spell	128
3021	278	Spell	130
3022	702	Spell	64
3023	278	Spell	179
3024	278	Spell	155
3025	278	Spell	179
3026	278	Spell	155
3027	278	Spell	179
3028	278	Spell	155
3029	278	Spell	155
3030	278	Spell	179
3031	278	Spell	155
3032	278	Spell	179
3033	278	Spell	128
3034	278	Spell	179
3035	278	Spell	155
3036	278	Spell	128
3037	278	Spell	130
3038	278	Spell	179
3039	278	Spell	155
3040	278	Spell	128
3041	278	Spell	130
3042	278	Spell	183
3043	278	Spell	187
3044	278	Spell	191
3045	278	Spell	191
3046	700	Spell	5
3047	278	Spell	134
3048	278	Spell	135
3049	278	Spell	134
3050	278	Spell	135
3051	278	Spell	134
3052	278	Spell	135
3053	278	Spell	134
3054	278	Spell	135
3055	278	Spell	134
3056	278	Spell	135
3057	278	Spell	134
3058	278	Spell	135
3059	278	Spell	134
3060	278	Spell	135
3061	278	Spell	135
3062	278	Spell	134
3063	278	Spell	135
3064	278	Spell	134
3065	278	Spell	135
3066	278	Spell	134
3067	278	Spell	135
3068	278	Spell	134
3069	278	Spell	135
3070	278	Spell	134
3071	278	Spell	134
3072	278	Spell	134
3073	278	Spell	134
3074	278	Spell	134
3075	278	Spell	134
3076	278	Spell	134
3077	278	Spell	134
3078	278	Spell	134
3079	278	Spell	134
3080	278	Spell	134
3081	278	Spell	134
3082	278	Spell	134
3083	278	Spell	162
3084	278	Spell	162
3085	278	Spell	162
3086	278	Spell	162
3087	278	Spell	162
3088	278	Spell	162
3089	278	Spell	162
3090	278	Spell	162
3091	278	Spell	162
3092	278	Spell	162
3093	278	Spell	162
3094	278	Spell	162
3095	278	Spell	162
3096	278	Spell	162
3097	278	Spell	162
3098	278	Spell	162
3099	278	Spell	162
3100	278	Spell	162
3101	278	Spell	162
3102	278	Spell	173
3103	278	Spell	173
3104	278	Spell	173
3105	278	Spell	173
3106	278	Spell	173
3107	278	Spell	173
3108	278	Spell	173
3109	278	Spell	173
3110	278	Spell	173
3111	278	Spell	116
3112	278	Spell	148
3113	278	Spell	174
3114	278	Spell	116
3115	278	Spell	148
3116	278	Spell	174
3117	278	Spell	116
3118	278	Spell	148
3119	278	Spell	174
3120	278	Spell	149
3121	278	Spell	149
3122	278	Spell	149
3123	278	Spell	149
3124	278	Spell	149
3125	278	Spell	149
3126	278	Spell	149
3127	278	Spell	149
3128	278	Spell	118
3129	278	Spell	137
3130	278	Spell	138
3131	278	Spell	118
3132	278	Spell	137
3133	278	Spell	138
3134	278	Spell	118
3135	278	Spell	137
3136	278	Spell	138
3137	278	Spell	119
3138	278	Spell	137
3139	278	Spell	163
3140	278	Spell	137
3141	278	Spell	163
3142	278	Spell	118
3143	278	Spell	138
3144	278	Spell	119
3145	278	Spell	137
3146	278	Spell	163
3147	278	Spell	163
3148	278	Spell	119
3149	278	Spell	119
3150	278	Spell	139
3151	278	Spell	164
3152	278	Spell	139
3153	278	Spell	164
3154	278	Spell	139
3155	278	Spell	139
3156	278	Spell	164
3157	278	Spell	164
3158	278	Spell	115
3159	278	Spell	147
3160	278	Spell	115
3161	278	Spell	173
3162	278	Spell	147
3163	278	Spell	146
3164	278	Spell	114
3165	278	Spell	172
3166	278	Spell	180
3167	278	Spell	146
3168	278	Spell	172
3169	278	Spell	114
3170	278	Spell	180
3171	278	Spell	140
3172	278	Spell	165
3173	278	Spell	136
3174	278	Spell	140
3175	278	Spell	165
3176	278	Spell	136
3177	700	Spell	5
3178	278	Spell	140
3179	278	Spell	165
3180	278	Spell	136
3181	278	Spell	140
3182	278	Spell	165
3183	278	Spell	136
3184	278	Spell	165
3185	278	Spell	165
3186	278	Spell	121
3187	278	Spell	120
3188	278	Spell	150
3189	278	Spell	175
3190	278	Spell	121
3191	278	Spell	120
3192	278	Spell	150
3193	278	Spell	152
3194	278	Spell	175
3195	278	Spell	122
3196	278	Spell	151
3197	278	Spell	176
3198	278	Spell	176
3199	278	Spell	151
3200	278	Spell	151
3201	278	Spell	176
3202	278	Spell	122
3203	278	Spell	121
3204	278	Spell	151
3205	278	Spell	176
3206	278	Spell	122
3207	278	Spell	166
3208	278	Spell	112
3209	278	Spell	141
3210	278	Spell	158
3211	278	Spell	181
3212	278	Spell	166
3213	278	Spell	112
3214	278	Spell	141
3215	278	Spell	131
3216	278	Spell	181
3217	278	Spell	166
3218	278	Spell	112
3219	278	Spell	141
3220	278	Spell	158
3221	278	Spell	181
3222	278	Spell	166
3223	278	Spell	112
3224	278	Spell	141
3225	278	Spell	158
3226	278	Spell	181
3227	278	Spell	166
3228	278	Spell	141
3229	278	Spell	112
3230	278	Spell	166
3231	278	Spell	141
3232	278	Spell	112
3233	278	Spell	166
3234	278	Spell	141
3235	278	Spell	112
3236	278	Spell	131
3237	278	Spell	181
3238	278	Spell	166
3239	278	Spell	141
3240	278	Spell	112
3241	278	Spell	131
3242	278	Spell	181
3243	278	Spell	166
3244	278	Spell	141
3245	278	Spell	112
3246	278	Spell	166
3247	278	Spell	112
3248	278	Spell	166
3249	278	Spell	141
3250	278	Spell	112
3251	278	Spell	166
3252	278	Spell	141
3253	278	Spell	112
3254	278	Spell	131
3255	278	Spell	181
3256	278	Spell	166
3257	278	Spell	141
3258	278	Spell	112
3259	278	Spell	131
3260	278	Spell	181
3261	278	Spell	142
3262	278	Spell	167
3263	278	Spell	110
3264	278	Spell	110
3265	278	Spell	142
3266	278	Spell	110
3267	278	Spell	167
3268	278	Spell	110
3269	278	Spell	142
3270	278	Spell	167
3271	278	Spell	110
3272	278	Spell	109
3273	278	Spell	110
3274	278	Spell	167
3275	278	Spell	109
3276	278	Spell	110
3277	278	Spell	167
3278	278	Spell	153
3279	278	Spell	153
3280	278	Spell	125
3281	278	Spell	178
3282	278	Spell	153
3283	278	Spell	125
3284	278	Spell	178
3285	278	Spell	153
3286	278	Spell	125
3287	278	Spell	178
3288	278	Spell	153
3289	278	Spell	153
3290	278	Spell	125
3291	278	Spell	178
3292	278	Spell	153
3293	278	Spell	153
3294	278	Spell	125
3295	278	Spell	178
3296	278	Spell	153
3297	278	Spell	153
3298	278	Spell	125
3299	278	Spell	178
3300	278	Spell	153
3301	278	Spell	125
3302	278	Spell	178
3303	278	Spell	153
3304	278	Spell	125
3305	278	Spell	178
3306	278	Spell	153
3307	278	Spell	125
3308	278	Spell	178
3309	278	Spell	125
3310	278	Spell	153
3311	278	Spell	153
3312	278	Spell	126
3313	278	Spell	178
3314	278	Spell	153
3315	278	Spell	126
3316	278	Spell	178
3317	278	Spell	153
3318	278	Spell	126
3319	278	Spell	178
3320	278	Spell	153
3321	278	Spell	126
3322	278	Spell	178
3323	278	Spell	153
3324	278	Spell	126
3325	278	Spell	178
3326	278	Spell	153
3327	278	Spell	126
3328	278	Spell	178
3329	278	Spell	153
3330	278	Spell	126
3331	278	Spell	178
3332	278	Spell	153
3333	278	Spell	126
3334	278	Spell	178
3335	278	Spell	153
3336	278	Spell	126
3337	278	Spell	178
3338	278	Spell	153
3339	278	Spell	126
3340	278	Spell	178
3341	278	Spell	153
3342	278	Spell	126
3343	278	Spell	178
3344	278	Spell	169
3345	278	Spell	154
3346	278	Spell	127
3347	278	Spell	169
3348	278	Spell	169
3349	278	Spell	154
3350	278	Spell	127
3351	278	Spell	154
3352	278	Spell	169
3353	278	Spell	169
3354	278	Spell	154
3355	278	Spell	127
3356	278	Spell	154
3357	278	Spell	169
3358	278	Spell	169
3359	278	Spell	127
3360	278	Spell	154
3361	278	Spell	169
3362	278	Spell	154
3363	278	Spell	127
3364	278	Spell	154
3365	278	Spell	169
3366	278	Spell	127
3367	278	Spell	154
3368	278	Spell	169
3369	702	Spell	32
3370	278	Spell	169
3371	278	Spell	154
3372	278	Spell	169
3373	278	Spell	154
3374	278	Spell	154
3375	278	Spell	169
3376	278	Spell	169
3377	278	Spell	154
3378	278	Spell	117
3379	278	Spell	117
3380	711	Spell	112
3381	278	Spell	117
3382	278	Spell	144
3383	711	Spell	110
3384	278	Spell	117
3385	278	Spell	144
3386	711	Spell	110
3387	278	Spell	144
3388	278	Spell	144
3389	278	Spell	144
3390	278	Spell	144
3391	278	Spell	170
3392	278	Spell	170
3393	278	Spell	170
3394	278	Spell	170
3395	278	Spell	144
3396	278	Spell	170
3397	278	Spell	170
3398	278	Spell	170
3399	278	Spell	170
3400	278	Spell	170
3401	278	Spell	192
3402	700	Spell	10
3403	278	Spell	192
3404	700	Spell	7
3405	708	Spell	1
3406	700	Spell	3
3407	703	Spell	1
3408	700	Spell	4
3409	404	Spell	1
3410	278	Spell	140
3411	278	Spell	165
3412	700	Spell	5
3413	278	Spell	142
3414	278	Spell	167
3415	278	Spell	110
3416	700	Spell	6
3417	700	Spell	4
3418	700	Spell	3
3419	700	Spell	6
3420	700	Spell	6
3421	700	Spell	5
3422	700	Spell	5
3423	700	Spell	5
3424	700	Spell	5
3425	700	Spell	7
3426	700	Spell	4
3427	703	Spell	1
3428	700	Spell	4
3429	700	Spell	4
3430	700	Spell	5
3431	705	Spell	1
3432	703	Spell	1
3433	700	Spell	3
3434	426	Spell	1
3435	426	Spell	7
3436	426	Spell	8
3437	700	Spell	4
3438	705	Spell	1
3439	700	Spell	3
3440	700	Spell	3
3441	700	Spell	5
3442	703	Spell	1
3443	700	Spell	4
3444	706	Spell	1
3445	700	Spell	10
3446	700	Spell	5
3447	705	Spell	1
3448	707	Spell	1
3449	703	Spell	1
3450	700	Spell	10
3451	477	Spell	105
3452	700	Spell	5
3453	703	Spell	1
3454	700	Spell	4
3455	700	Spell	4
3456	710	Spell	1
3457	700	Spell	4
3458	702	Spell	32
3459	700	Spell	4
3460	700	Spell	3
3461	700	Spell	5
3462	707	Spell	1
3463	713	Spell	1
3464	700	Spell	10
3465	702	Spell	128
3466	701	Spell	128
3467	702	Spell	4194320
3468	702	Spell	64
3469	709	Spell	1
3470	700	Spell	5
3471	700	Spell	4
3472	701	Spell	128
3473	700	Spell	3
3474	495	Spell	1
3475	495	Spell	1
3476	700	Spell	5
3477	708	Spell	1
3478	703	Spell	1
3479	700	Spell	5
3480	700	Spell	6
3481	708	Spell	1
3482	700	Spell	6
3483	703	Spell	1
3484	700	Spell	3
3485	703	Spell	1
3486	700	Spell	2
3487	705	Spell	1
3488	703	Spell	1
3489	700	Spell	3
3490	700	Spell	5
3491	700	Spell	5
3492	700	Spell	6
3493	700	Spell	5
3494	700	Spell	5
3495	700	Spell	4
3496	700	Spell	4
3497	495	Spell	1
3498	700	Spell	10
3499	700	Spell	5
3500	700	Spell	5
3501	703	Spell	1
3502	700	Spell	5
3503	700	Spell	5
3504	700	Spell	4
3505	700	Spell	5
3506	700	Spell	6
3507	700	Spell	5
3508	700	Spell	6
3509	700	Spell	4
3510	704	Spell	1
3511	700	Spell	6
3512	700	Spell	6
3513	278	Spell	117
3514	278	Spell	144
3515	278	Spell	170
3516	278	Spell	144
3517	278	Spell	170
3518	278	Spell	144
3519	702	Spell	4096
3520	278	Spell	144
3521	278	Spell	117
3522	702	Spell	4096
3523	702	Spell	4096
3524	702	Spell	4096
3525	278	Spell	117
3526	278	Spell	144
3527	278	Spell	142
3528	278	Spell	170
3529	702	Spell	4096
3530	278	Spell	146
3531	278	Spell	172
3532	278	Spell	114
3533	278	Spell	180
3534	278	Spell	146
3535	278	Spell	172
3536	278	Spell	114
3537	278	Spell	180
3538	278	Spell	146
3539	278	Spell	172
3540	278	Spell	114
3541	278	Spell	180
3542	278	Spell	146
3543	278	Spell	172
3544	278	Spell	114
3545	278	Spell	180
3546	278	Spell	146
3547	278	Spell	114
3548	278	Spell	172
3549	278	Spell	180
3550	278	Spell	146
3551	278	Spell	172
3552	278	Spell	114
3553	278	Spell	180
3554	278	Spell	146
3555	278	Spell	172
3556	278	Spell	114
3557	278	Spell	180
3558	278	Spell	146
3559	278	Spell	172
3560	278	Spell	114
3561	278	Spell	180
3562	700	Spell	4
3563	278	Spell	146
3564	278	Spell	172
3565	278	Spell	114
3566	278	Spell	180
3567	278	Spell	179
3568	278	Spell	130
3569	702	Spell	64
3570	700	Spell	4
3571	715	Spell	1
3572	278	Spell	157
3573	702	Spell	64
3574	700	Spell	4
3575	708	Spell	1
3576	278	Spell	157
3577	278	Spell	157
3578	278	Spell	157
3579	278	Spell	131
3580	711	Spell	174
3581	278	Spell	131
3582	278	Spell	181
3583	278	Spell	131
3584	278	Spell	158
3585	278	Spell	181
3586	278	Spell	131
3587	278	Spell	158
3588	278	Spell	181
3589	278	Spell	131
3590	278	Spell	158
3591	278	Spell	181
3592	278	Spell	131
3593	278	Spell	158
3594	278	Spell	181
3595	278	Spell	131
3596	278	Spell	158
3597	278	Spell	181
3598	278	Spell	131
3599	278	Spell	158
3600	278	Spell	181
3601	278	Spell	131
3602	278	Spell	158
3603	278	Spell	181
3604	278	Spell	131
3605	278	Spell	158
3606	278	Spell	181
3607	278	Spell	131
3608	278	Spell	158
3609	278	Spell	181
3610	278	Spell	131
3611	278	Spell	158
3612	278	Spell	181
