record_id	effect_number	duration	ritual	object_type	raw_argument	modifiers_mask	range_base	range_per_level	range_strength_divisor	area_base	area_per_level	area_battlefield_pct	sound_number	flight_sprite_number	flight_sprite_length	explosion_sprite_number	explosion_sprite_length	test
1	2		0	Weapon	0	2097152	0	0		0	0		0				
2	2		0	Weapon	3	274880004097	0	0		0	0		12				
3	2		0	Weapon	5	274880004099	0	0		0	0		12				
4	2		0	Weapon	7	274880004097	0	0		0	0		12				
5	2		0	Weapon	6	414600658945	0	0		0	0		12				
6	2		0	Weapon	10	1374391631875	0	0		0	0		12				
7	2		0	Weapon	5	1374391631873	0	0		0	0		7				
8	2		0	Weapon	3	549757911043	0	0		0	0		12				
9	2		0	Weapon	6	1099513724929	0	0		0	0		8				
10	2		0	Weapon	2	274880004097	0	0		0	0		7				
11	2		0	Weapon	7	1099513724929	0	0		0	0		8				
12	2		0	Weapon	9	1099513724931	0	0		0	0		8				
13	2		0	Weapon	5	549757911041	0	0		0	0		7				
14	2		0	Weapon	7	824635817985	0	0		0	0		7				
15	2		0	Weapon	9	549757911043	0	0		0	0		11				
16	2		0	Weapon	6	824635817989	0	0		0	0		11				
17	2		0	Weapon	3	549757911047	0	0		0	0		11				
18	2		0	Weapon	7	1099513724929	0	0		0	0		10				
19	2		0	Weapon	9	1099513724931	0	0		0	0		11				
20	2		0	Weapon	15	1099647942656	0	0		0	0		38				
21	2		0	Weapon	2	1099647942657	0	0		0	0		38				
22	2		0	Weapon	2	274880004097			1	0	0		19	110	1		
23	2		0	Weapon	8	549757911040	20	0		0	0		15	111	1		
24	2		0	Weapon	9	274880004098	30	0		0	0		14	109	1		
25	2		0	Weapon	12	274880004098	40	0		0	0		14	109	1		
26	2		0	Weapon	11	274880004162	35	0		0	0		13	109	1		
27	2		0	Weapon	15	274880004162	45	0		0	0		13	109	1		
28	2		0	Weapon	10	549757911043			3	0	0		11	100	1		
29	2		0	Weapon	3	274880004097	0	0		0	0		12				
30	2		0	Weapon	0	1099513724929	0	0		0	0		38				
31	2		0	Weapon	-2	275014221825	0	0		0	0		50				
32	2		0	Weapon	2	274880004097	0	0		0	0		12				
33	2		0	Weapon	1	274880004097	0	0		0	0		7				
34	2		0	Weapon	0	1099513724929	0	0		0	0		38				
35	109		0	Weapon	0	274880004097	8	0		0	0		46	403	1		
36	2		0	Weapon	1	274877906945	0	0		0	0		7				
37	2		0	Weapon	3	277025390593	0	0		0	0		12				
38	2		0	Weapon	5	1099511627777	0	0		0	0		7				
39	2		0	Weapon	-4	275012124673	0	0		0	0		50				
40	2		0	Weapon	0	0	0	0		0	0		0				
41	109		0	Weapon	-1	1099513724929	0	0		0	0		9				
42	2		0	Weapon	9	1099511627779	0	0		0	0		8				
43	2		0	Weapon	6	1099511627777	0	0		0	0		8				
44	2		0	Weapon	0	1099513724929	0	0		0	0		38				
45	2		0	Weapon	5	549755813889	0	0		0	0		10				
46	2		0	Weapon	4	549757911041	0	0		0	0		10				
47	2		0	Weapon	9	1374391631875	0	0		0	0		12				
48	2		0	Weapon	20	1099647942656	0	0		0	0		38				
49	2		0	Weapon	20	134217824	0	0		1	0		16				
50	2		0	Weapon	8	274880004097	0	0		0	0		12				
51	7		0	Weapon	5	8320	0	0		0	0		0				
52	7		0	Weapon	15	8320	0	0		0	0		0				
53	7		0	Weapon	35	8320	0	0		0	0		0				
54	46		0	Weapon	20	12416	0	0		0	0		0				
55	46		0	Weapon	50	12416	0	0		0	0		0				
56	2		0	Weapon	0	549892128769	0	0		0	0		38				
57	2		0	Weapon	13	549892128768	0	0		0	0		38				
58	2		0	Weapon	5	1099513724929	0	0		0	0		8				
59	2		0	Weapon	999	4096	0	0		1	0		20				
60	2		0	Weapon	10	549755814016	0	0		0	0		10				
61	4		0	Weapon	2	0	0	0		5	0		0				
62	2		0	Weapon	0	9007199254741088			2	1	0		16	10073	0	10133	5
63	7		0	Weapon	20	8320			2	3	0		50	10079	0	10139	5
64	103		0	Weapon	0	65	0	0		0	0		18				
65	11		0	Weapon	256	20480	0	0		0	0		0				
66	2		0	Weapon	-2	275014221825	0	0		0	0		50				
67	2		0	Weapon	7	1099513724929	0	0		0	0		11				
68	2		0	Weapon	0	4097	0	0		0	0		10				
69	2		0	Weapon	-2	275012124673	0	0		0	0		38				
70	2		0	Weapon	2	274877906945	0	0		0	0		38				
71	2		0	Weapon	0	1099511627905	0	0		0	0		38				
72	3		0	Weapon	33	671092736	0	0		0	0		87				
73	2		0	Weapon	13	1099511627779	0	0		0	0		8				
74	2		0	Weapon	8	524416	0	0		5	0		0			10140	5
75	2		0	Weapon	8	1099511627841	0	0		0	0		8				
76	2		0	Weapon	9	1099511627777	0	0		0	0		8				
77	2		0	Weapon	12	1099511627777	0	0		0	0		8				
78	2		0	Weapon	10	1099511627777	0	0		0	0		8				
79	2		0	Weapon	6	274877907009	0	0		0	0		12				
80	2		0	Weapon	5	274877906945	0	0		0	0		12				
81	2		0	Weapon	12	1099511627841	0	0		0	0		8				
82	2		0	Weapon	5	549755813891	0	0		0	0		12				
83	2		0	Weapon	16	1099511627777	0	0		0	0		8				
84	2		0	Weapon	10	274877906947	0	0		0	0		12				
85	2		0	Weapon	22	1099511627841	0	0		0	0		16				
86	2		0	Weapon	-5	136314945	0	0		0	0		12				
87	66		0	Weapon	12	142758016	100	0		0	0		22			10153	9
88	2		0	Weapon	10	1099511627777	0	0		0	0		8				
89	3		0	Weapon	110	128	0	0		0	0		0				
90	2		0	Weapon	5	824633720835	0	0		0	0		50				
91	2		0	Weapon	0	549757911105	0	0		0	0		38				
92	3		0	Weapon	0	65	0	0		0	0		0				
93	2		0	Weapon	-2	549757911041	0	0		0	0		38				
94	2		0	Weapon	14	9007199254741568			2	3	0		21	10068	0	10128	5
95	2		0	Weapon	16	275014221824	0	0		0	0		12				
96	24		0	Weapon	13	1099511627843	0	0		0	0		8				
97	2		0	Weapon	13	275014221824	0	0		0	0		12				
98	2		0	Weapon	8	1374389534721	0	0		0	0		8				
99	11		0	Weapon	8	524288	0	0		0	0		0				
100	2		0	Weapon	3	274877906945	0	0		0	0		7				
101	2		0	Weapon	1	549757911043	0	0		0	0		12				
102	104		0	Weapon	4	274877906945	0	0		0	0		7				
103	2		0	Weapon	7	1374389534721	0	0		0	0		7				
104	2		0	Weapon	10	1099511627779	0	0		0	0		8				
105	99		0	Weapon	999	4224	0	0		5	0		0			39	5
106	2		0	Weapon	3	549755813891	0	0		0	0		12				
107	2		0	Weapon	9	1099511627777	0	0		0	0		8				
108	2		0	Weapon	16	1374389534723	0	0		0	0		12				
109	2		0	Weapon	12	1099511627843	0	0		0	0		8				
110	24		0	Weapon	6	274877906945	0	0		0	0		12				
111	104		0	Weapon	9	1099511627779	0	0		0	0		8				
112	2		0	Weapon	8	1099511627777	0	0		0	0		8				
113	2		0	Weapon	999	36028797555839104	0	0		0	0		0				
114	2		0	Weapon	15	1099511627779	0	0		0	0		24				
115	2		0	Weapon	8	2176	0	0		1	0		0			10245	5
116	2		0	Weapon	8	549755813889	0	0		0	0		10				
117	2		0	Weapon	-2	549757911105	0	0		0	0		38				
118	2		0	Weapon	4	274877906945	0	0		0	0		7				
119	11		0	Weapon	2	0	0	0		0	0		0				
120	2		0	Weapon	37	549755813890	0	0		0	0		11				
121	2		0	Weapon	7	274877906945	0	0		0	0		12				
122	2		0	Weapon	19	275012124672	0	0		0	0		12				
123	2		0	Weapon	16	1099511627779	0	0		1	0		8				
124	2		0	Weapon	5	274877906945	25	0		0	0		19	110	1		
125	2		0	Weapon	3	549755813891	0	0		0	0		10				
126	11		0	Weapon	16777216	0	0	0		1	0		0				
127	2		0	Weapon	2	274880004097	0	0		0	0		7				
128	2		0	Weapon	-2	275012124673	0	0		0	0		38				
129	2		0	Weapon	3	549755813891	0	0		0	0		10				
130	2		0	Weapon	2	274877907073	0	0		0	0		7				
131	2		0	Weapon	25	549755813891	0	0		0	0		11				
132	2		0	Weapon	10	576	30	0		1	0		21	10094	5	10102	5
133	32		0	Weapon	12	1099511627779	0	0		0	0		8				
134	33		0	Weapon	13	549755813891	0	0		0	0		11				
135	2		0	Weapon	4	549755813985	0	0		0	0		10				
136	2		0	Weapon	12	274877906947	0	0		0	0		12				
137	109		0	Weapon	0	1099511627777	0	0		0	0		9				
138	11		0	Weapon	64	0	0	0		0	0		0				
139	2		0	Weapon	9	1099511627776	0	0		0	0		9				
140	4		0	Weapon	10	128	0	0		0	0		0				
141	109		0	Weapon	1	1099511627777	0	0		0	0		9				
142	7		0	Weapon	0	136323137	10	0		0	0		0	214	4		
143	2		0	Weapon	0	2097153	0	0		0	0		38				
144	11		0	Weapon	1	536870912	0	0		0	0		0				
145	2		0	Weapon	0	275014221825	0	0		0	0		12				
146	24		0	Weapon	5	64	23	0		5	0		0			10220	5
147	2		0	Weapon	0	1099513724929	0	0		0	0		0				
148	7		0	Weapon	15	134226048			1	1	0		0	10096	5	10177	5
149	2		0	Weapon	0	1099513724929	0	0		0	0		38				
150	2		0	Weapon	14	1099511627777	0	0		0	0		8				
151	11		0	Weapon	8388608	0	0	0		0	0		0				
152	2		0	Weapon	-2	549755813889	0	0		0	0		10				
153	2		0	Weapon	15	274877906946	45	0		0	0		14	109	1		
154	2		0	Weapon	2	549757911043	0	0		0	0		12				
155	2		0	Weapon	11	274880004098	35	0		0	0		14	109	1		
156	2		0	Weapon	15	274877906946	40	0		0	0		14	109	0		
157	11		0	Weapon	33554432	131072	0	0		0	0		0				
158	2		0	Weapon	5	549755813891	0	0		0	0		10				
159	2		0	Weapon	10	549755813895	0	0		0	0		11				
160	4		0	Weapon	10	128	0	0		0	0		0				
161	3		0	Weapon	20	35184506307136	0	0		0	0		0			185	4
162	24		0	Weapon	15	274877907010	35	0		0	0		13	109	1		
163	2		0	Weapon	28	1	0	0		0	0		11				
164	2		0	Weapon	3	549755813889	0	0		0	0		10				
165	2		0	Weapon	0	0	0	0		0	0		0				
166	2		0	Weapon	7	549757911043	0	0		0	0		11				
167	2		0	Weapon	2	1099511627777	0	0		0	0		38				
168	7	2	0	Weapon	5	2105472	15	0		1	0		15	111	0		
169	2		0	Weapon	12	274886295682	35	0		0	0		13	109	0		
170	2		0	Weapon	29	1099511627907	0	0		0	0		11				
171	2		0	Weapon	15	1099511627779	0	0		0	0		8				
172	2		0	Weapon	14	96	0	0		1	0		0			10113	5
173	2		0	Weapon	0	549755813889	0	0		0	0		10				
174	2		0	Weapon	12	549755813893	0	0		0	0		11				
175	123		0	Weapon	10	128	0	0		0	0		0				
176	2		0	Weapon	0	549890031617	0	0		0	0		38				
177	2		0	Weapon	9	549890031616	0	0		0	0		7				
178	2		0	Weapon	3	275012124800	0	0		0	0		38				
179	2		0	Weapon	9	1099511627777	0	0		0	0		8				
180	2		0	Weapon	13	1099511627777	0	0		0	0		8				
181	2		0	Weapon	999	274886299778	35	0		0	0		13	109	0		
182	2		0	Weapon	10	1099511627779	0	0		0	0		8				
183	2		0	Weapon	-3	549892128769	0	0		0	0		38				
184	7	2	0	Weapon	5	8320	0	0		4	0		12			10156	5
185	2		0	Weapon	20	549755813891	0	0		0	0		11				
186	2		0	Weapon	6	134219904	0	0		0	0		24				
187	2		0	Weapon	12	1099511627841	0	0		0	0		8				
188	2		0	Weapon	5	1099511627841	0	0		0	0		7				
189	2		0	Weapon	5	549755813893	0	0		0	0		11				
190	28		0	Weapon	999	4224	0	0		0	0		0			227	5
191	2		0	Weapon	0	1099511631873	0	0		0	0		10				
192	2		0	Weapon	15	1099511627777	0	0		0	0		8				
193	2		0	Weapon	15	576	0	0		1	0		0			10108	5
194	2		0	Weapon	13	274877906945	0	0		0	0		12				
195	2		0	Weapon	999	135296	0	0		0	0		0			10206	5
196	2		0	Weapon	17	1099511627779	0	0		0	0		8				
197	2		0	Weapon	10	4224	0	0		5	0		0			10215	5
198	2		0	Weapon	15	9007199397482624	20	0		5	0		23			10221	5
199	2		0	Weapon	10	96	0	0		0	0		16				
200	2		0	Weapon	9	274877906946	30	0		0	0		14	274	4		
201	11		0	Weapon	256	4096	0	0		0	0		16				
202	2		0	Weapon	5	274877906945	0	0		0	0		12				
203	2		0	Weapon	7	1099511627777	0	0		0	0		8				
204	2		0	Weapon	-2	275012124673	0	0		0	0		38				
205	2		0	Weapon	22	1099647942656	0	0		0	0		38				
206	2		0	Weapon	6	1099511627777	0	0		0	0		8				
207	2		0	Weapon	25	274880004162	70	0		0	0		13	308	1		
208	2		0	Weapon	0	1099511627777	0	0		0	0		38				
209	2		0	Weapon	10	2176	0	0		0	0		9				
210	2		0	Weapon	2	274877906945			1	0	0		19	354	4		
211	2		0	Weapon	8	274877906944	20	0		0	0		15	358	4		
212	2		0	Weapon	9	274877906946	30	0		0	0		14	350	4		
213	2		0	Weapon	12	274877906946	40	0		0	0		14	350	4		
214	2		0	Weapon	11	274877907010	35	0		0	0		13	350	4		
215	2		0	Weapon	15	274877907010	45	0		0	0		13	350	4		
216	2		0	Weapon	20	549755813891			3	0	0		11	362	4		
217	2		0	Weapon	8	96	0	0		0	0		0				
218	2		0	Weapon	10	274877906946	35	0		0	0		14	350	4		
219	2		0	Weapon	10	549755813893	0	0		0	0		11				
220	11		0	Weapon	131072	4096	0	0		1	0		0				
221	2		0	Weapon	9	274877906947	0	0		0	0		12				
222	2		0	Weapon	12	35321811042400	0	0		0	0		0				
223	3		0	Weapon	12	35321811042880	0	0		0	0		0				
224	2		0	Weapon	2	1099647942657	0	0		0	0		38				
225	7		0	Weapon	10	8320			1	0	0		12	214	4		
226	2		0	Weapon	15	9007199254741088	10	0		1	0		16	10073	0	10133	5
227	2		0	Weapon	9	9007199254741568	10	0		2	0		21	10068	0	10128	5
228	24		0	Weapon	5	96	0	0		0	0		0				
229	3		0	Weapon	100	274877911168	30	0		0	0		29	10271	5	10272	5
230	2		0	Weapon	0	137573171297	0	0		1	0		16				
231	2		0	Weapon	13	1099647942656	0	0		0	0		7				
232	2		0	Weapon	-2	549755813889	0	0		0	0		24				
233	2		0	Weapon	10	2176	0	0		0	0		0				
234	2		0	Weapon	7	549755813889	0	0		0	0		7				
235	2		0	Weapon	3	274880004097	0	0		0	0		12				
236	2		0	Weapon	1	2097153	0	0		0	0		38				
237	2		0	Weapon	16	1099647942656	0	0		0	0		38				
238	2		0	Weapon	18	1099647942656	0	0		0	0		38				
239	2		0	Weapon	3	549755813891	0	0		0	0		12				
240	2		0	Weapon	-2	275014221825	0	0		0	0		50				
241	2		0	Weapon	0	35734129999873	0	0		0	0		38				
242	104		0	Weapon	9	1099511627779	0	0		0	0		8				
243	2		0	Weapon	3	274877907009	0	0		0	0		7				
244	2		0	Weapon	0	8407169	30	0		0	0		24	210	4	10219	5
245	2		0	Weapon	15	1099511627843	0	0		0	0		8				
246	2		0	Weapon	10	1099511627841	0	0		0	0		10				
247	2		0	Weapon	12	1099511627841	0	0		0	0		10				
248	2		0	Weapon	999	4240	0	0		0	0		10				
249	2		0	Weapon	0	1099513724929	0	0		0	0		0				
250	2		0	Weapon	0	1099513724929	0	0		0	0		0				
251	2		0	Weapon	0	1099513724929	0	0		0	0		38				
252	2		0	Weapon	-2	275014221825	0	0		0	0		50				
253	2		0	Weapon	3	549757911041	0	0		0	0		12				
254	2		0	Weapon	5	1099513724929	0	0		0	0		7				
255	11		0	Weapon	1	9007199791616000			1	10	0		50	10080	0	10223	5
256	4		0	Weapon	4	128	0	0		10	0		0				
257	2		0	Weapon	3	274880004097	0	0		0	0		7				
258	2		0	Weapon	6	1099513724931	0	0		0	0		12				
259	2		0	Weapon	10	1099513724931	0	0		0	0		8				
260	2		0	Weapon	10	1099513724931	0	0		0	0		11				
261	2		0	Weapon	5	1099513724929			1	0	0		19	411	4		
262	11		0	Weapon	536870912	4535621779456	0	0		0	0		38				
263	11		0	Weapon	536870912	4398182825984	8	0		1	0		0	416	3		
264	11		0	Weapon	536870912	4535621779456	0	0		0	0		0				
265	2		0	Weapon	11	274880004098	35	0		0	0		14	109	1		
266	2		0	Weapon	4	824635817985	0	0		0	0		12				
267	2		0	Weapon	14	274880004098	45	0		0	0		14	109	1		
268	2		0	Weapon	8	274880004099	0	0		0	0		10				
269	2		0	Weapon	9	1099513724929	0	0		0	0		8				
270	103		0	Weapon	0	135297	0	0		1	0		18				
271	103		0	Weapon	999	135296	0	0		0	0		18				
272	103		0	Weapon	10	134217792	0	0		0	0		18				
273	2		0	Weapon	20	1099511627904	0	0		0	0		38				
274	2		0	Weapon	1	136314881	0	0		0	0		38				
275	28		0	Weapon	999	142757888	25	0		0	0		41			10208	5
276	24		0	Weapon	15	1099511627777	0	0		0	0		8				
277	24		0	Weapon	6	96	0	0		1	0		0			10113	5
278	109		0	Weapon	2	1099511627777	0	0		0	0		9				
279	2		0	Weapon	4	274877906945	0	0		0	0		24				
280	2		0	Weapon	2	274877911041			1	0	0		19	110	1		
281	2		0	Weapon	3	274877911041	0	0		0	0		12				
282	2		0	Weapon	5	1099511631873	0	0		0	0		7				
283	66		0	Weapon	5	536875136	0	0		0	0		18				
284	66		0	Weapon	10	536875136	0	0		0	0		18				
285	2		0	Weapon	0	4225	0	0		0	0		18				
286	67		0	Weapon	2	536875136	0	0		0	0		0				
287	2		0	Weapon	0	1	0	0		0	0		18				
288	2		0	Weapon	9	274877911043	30	0		0	0		14	109	0	1	0
289	2		0	Weapon	7	1649269538819	0	0		0	0		11				
290	73		0	Weapon	11	1099511627779	0	0		0	0		10				
291	73		0	Weapon	6	274877906945	0	0		0	0		10				
292	2		0	Weapon	6	96	0	0		0	0		0				
293	2		0	Weapon	6	35184372088928	0	0		0	0		0				
294	2		0	Weapon	1	151680	0	0		0	0		0				
295	67		0	Weapon	2	536875136	30	0		0	0		18			10154	9
296	2		0	Weapon	8	274877907009	0	0		0	0		10				
297	74		0	Weapon	8	274877907009	0	0		0	0		10				
298	2		0	Weapon	4	274877907009	0	0		0	0		7				
299	2		0	Weapon	5	549755813893	0	0		0	0		11				
300	2		0	Weapon	7	1099511627777	0	0		0	0		8				
301	2		0	Weapon	0	549757911041	0	0		0	0		38				
302	2		0	Weapon	0	549755813889			1	0	0		19	424	4		
303	11		0	Weapon	65536	0	0	0		0	0		0				
304	2		0	Weapon	8	274877906946	30	0		0	0		19	419	1		
305	2		0	Weapon	9	549755813893	0	0		0	0		11				
306	2		0	Weapon	12	96	0	0		0	0		0				
307	67		0	Weapon	2	536871040	0	0		0	0		0				
308	2		0	Weapon	9	1099513724931	0	0		0	0		11				
309	2		0	Weapon	10	1374391631875	0	0		0	0		12				
310	2		0	Weapon	1	274877906945	0	0		0	0		7				
311	2		0	Weapon	12	1099511627777	0	0		0	0		12				
312	66		0	Weapon	10	142758016	100	0		0	0		22			10153	9
313	2		0	Weapon	3	274877906945	0	0		0	0		8				
314	2		0	Weapon	14	275014221824	0	0		0	0		50				
315	2		0	Weapon	16	275014221824	0	0		0	0		50				
316	2		0	Weapon	5	274880004097	0	0		0	0		12				
317	7		0	Weapon	35	2105344	0	0		0	0		0				
318	2		0	Weapon	1	549757911041	0	0		0	0		12				
319	2		0	Weapon	3	824633720835	0	0		0	0		50				
320	2		0	Weapon	2	1099647942721	0	0		0	0		79				
321	2		0	Weapon	-2	549755813889	0	0		0	0		24				
322	2		0	Weapon	0	16481	30	0		0	0		24	10182	4		
323	2		0	Weapon	2	1099647942657	0	0		0	0		78				
324	2		0	Weapon	2	1099647942657	0	0		0	0		83				
325	7		0	Weapon	10	8320			1	0	0		83	214	4		
326	2		0	Weapon	-2	275014221825	0	0		0	0		85				
327	2		0	Weapon	3	549757911041	0	0		0	0		12				
328	2		0	Weapon	10	549755813889	0	0		0	0		10				
329	96		0	Weapon	20	128	0	0		0	0		10				
330	11		0	Weapon	134217728	4224	0	0		0	0		87				
331	2		0	Weapon	14	275012124672	0	0		0	0		38				
332	2		0	Weapon	0	1099647942657	0	0		0	0		38				
333	2		0	Weapon	16	274877907074	45	0		0	0		13	109	1		
334	11		0	Weapon	524288	0	0	0		0	0		0				
335	2		0	Weapon	10	3	0	0		0	0		10				
336	11		0	Weapon	1073741824	0	0	0		0	0		0				
337	2		0	Weapon	3	274877907009	0	0		0	0		7				
338	7		0	Weapon	75	8320	0	0		0	0		0				
339	2		0	Weapon	20	549892128768	0	0		0	0		38				
340	2		0	Weapon	7	549755813891	0	0		0	0		11				
341	2		0	Weapon	14	1099511627777	0	0		0	0		10				
342	2		0	Weapon	12	1099511627777	0	0		0	0		10				
343	7	2	0	Weapon	5	35321811050624	0	0		2	0		12			10235	5
344	2		0	Weapon	4	1099513724929	0	0		0	0		38				
345	24		0	Weapon	8	1099511627777	0	0		0	0		8				
346	3		0	Weapon	0	1	0	0		0	0		87				
347	2		0	Weapon	-5	549757911041	0	0		0	0		38				
348	2		0	Weapon	3	549757911045	0	0		0	0		11				
349	2		0	Weapon	0	134217793	0	0		1	0		16				
350	11		0	Weapon	256	524288	0	0		1	0		0				
351	2		0	Weapon	12	134217824	0	0		1	0		16				
352	2		0	Weapon	3	274880004099	0	0		0	0		12				
353	2		0	Weapon	13	1099647942656	0	0		0	0		38				
354	2		0	Weapon	16	549892128768	0	0		0	0		38				
355	2		0	Weapon	16	1099647942656	0	0		0	0		38				
356	2		0	Weapon	0	35459386310721	0	0		0	0		7				
357	2		0	Weapon	11	274877906946	35	0		0	0		14	350	4		
358	2		0	Weapon	3	277027487745	0	0		0	0		12				
359	2		0	Weapon	-4	275014221825	0	0		0	0		50				
360	2		0	Weapon	-2	275014221825	0	0		0	0		50				
361	2		0	Weapon	-3	549757911041			1	0	0		15	111	1		
362	2		0	Weapon	6	274880004098	20	0		0	0		14	109	1		
363	2		0	Weapon	4	1099513724929			1	0	0		15	111	1		
364	2		0	Weapon	8	549757911043	0	0		0	0		11				
365	504		0	Weapon	255	35321945264128	0	0		1	0		11				
366	2		0	Weapon	3	549755813895	0	0		0	0		11				
367	504		0	Weapon	255	35321811042304	0	0		0	0		0				
368	600		0	Weapon	261	0	0	0		0	0		0				
369	601		0	Weapon	261	8732557312	50	0		0	0		0			10201	5
370	11		0	Weapon	2	142622720	50	0		0	0		0			10200	5
371	11		0	Weapon	33554432	8732561408	50	0		0	0		22			10239	5
372	103		0	Weapon	0	8732692609	50	0		1	0		18			10240	5
373	2		0	Weapon	11	274880004098	35	0		0	0		14	109	1		
374	2		0	Weapon	2	274880004097	0	0		0	0		12				
375	2		0	Weapon	8	1099511627777	0	0		0	0		12				
376	2		0	Weapon	8	1099647942656	0	0		0	0		38				
377	2		0	Weapon	4	274880004099	0	0		0	0		12				
378	2		0	Weapon	5	1374391631873	0	0		0	0		7				
379	2		0	Weapon	6	1374391631875	0	0		0	0		8				
380	2		0	Weapon	8	1099513724931	0	0		0	0		8				
381	2		0	Weapon	10	1099513724931	0	0		0	0		12				
382	2		0	Weapon	5	1099513724929	0	0		0	0		7				
383	2		0	Weapon	1	274880004097			1	0	0		15	435	4		
384	2		0	Weapon	-3	97	20	0		0	0		16	10182	4		
385	103		0	Weapon	5	128	0	0		0	0		0				
386	103		0	Weapon	10	128	0	0		0	0		0				
387	2		0	Weapon	0	549755813953	0	0		0	0		10				
388	3		0	Weapon	30	4096	0	0		0	0		38				
389	2		0	Weapon	3	274877906945	0	0		0	0		12				
390	2		0	Weapon	7	274877906945	0	0		0	0		12				
391	2		0	Weapon	4	549755813893	0	0		0	0		11				
392	2		0	Weapon	9	274877907012	0	0		0	0		11				
393	2		0	Weapon	4	549755813889	0	0		0	0		11				
394	2		0	Weapon	0	1	0	0		0	0		18				
395	11		0	Weapon	258	0	0	0		0	0		0				
396	2		0	Weapon	12	1099511627841	0	0		0	0		8				
397	2		0	Weapon	5	536875136	0	0		5	0		0			10215	5
398	2		0	Weapon	0	549892128769	0	0		0	0		38				
399	2		0	Weapon	-10	275014221825	0	0		0	0		50				
400	2		0	Weapon	2	1099647942657	0	0		0	0		78				
401	2		0	Weapon	2	134217729	0	0		0	0		78				
402	2		0	Weapon	999	131200	0	0		0	0		18				
403	24		0	Weapon	4	549755813895	0	0		0	0		11				
404	11		0	Weapon	128	142757888	25	0		0	0		41			10208	5
405	2		0	Weapon	0	1099647942657	0	0		0	0		38				
406	2		0	Weapon	6	274877906946	20	0		0	0		14	109	1		
407	2		0	Weapon	4	1099511627777			1	0	0		15	111	1		
408	2		0	Weapon	1	274877906945			1	0	0		15	411	4		
409	2		0	Weapon	0	1099647942657	0	0		0	0		38				
410	2		0	Weapon	12	576	0	0		1	0		0			10105	5
411	2		0	Weapon	0	549755814017	0	0		0	0		10				
412	3		0	Weapon	10	128	0	0		1	0		0			10105	5
413	2		0	Weapon	12	1099511627777	0	0		0	0		10				
414	3		0	Weapon	20	128	0	0		0	0		10				
415	11		0	Weapon	1	4224	0	0		0	0		10				
416	2		0	Weapon	-5	1099645845505	0	0		0	0		12				
417	11		0	Weapon	131072	134217728	0	0		0	0		38				
418	2		0	Weapon	22	1099647942656	0	0		0	0		38				
419	2		0	Weapon	0	1099511627905	0	0		1	0		38				
420	2		0	Weapon	-3	18561	30	0		0	0		24	210	4	10245	5
421	2		0	Weapon	-3	549757911105	0	0		0	0		38				
422	11		0	Weapon	262144	0	0	0		0	0		0				
423	2		0	Weapon	0	20609	50	0		0	0		24			10219	5
424	2		0	Weapon	0	275014221825	0	0		0	0		12				
425	2		0	Weapon	8	549757911041			3	0	0		11	100	1		
426	2		0	Weapon	8	549755813891			3	0	0		11	362	4		
427	2		0	Weapon	11	1099511627779	0	0		0	0		12				
428	2		0	Weapon	7	549757911043	0	0		0	0		12				
429	2		0	Weapon	4	549757911041	0	0		0	0		8				
430	2		0	Weapon	9	549757911043	0	0		0	0		11				
431	2		0	Weapon	16	1374389534723	0	0		0	0		12				
432	11		0	Weapon	2	16384	0	0		1	0		0			10060	5
433	11		0	Weapon	256	20480	0	0		1	0		0				
434	2		0	Weapon	5	274877906945	0	0		0	0		12				
435	2		0	Weapon	13	274877907010	35	0		0	0		13	274	4	10124	5
436	11		0	Weapon	256	20480	0	0		3	0		0				
437	107		0	Weapon	17	1099511627779	0	0		0	0		8				
438	2		0	Weapon	12	275014221824	0	0		0	0		12				
439	2		0	Weapon	14	274877906946	40	0		0	0		14	109	0		
440	2		0	Weapon	12	274877906946	35	0		0	0		14	109	0		
441	97		0	Weapon	2	128	0	0		0	0		0				
442	108		0	Weapon	-12	4096	0	0		0	0		0			10206	5
443	108		0	Weapon	-11	4096	0	0		0	0		0			10206	5
444	2		0	Weapon	0	549755813889	0	0		0	0		10				
445	2		0	Weapon	10	1099511627779	0	0		0	0		8				
446	2		0	Weapon	8	274877906947	0	0		0	0		12				
447	2		0	Weapon	2	549757911041	0	0		0	0		7				
448	2		0	Weapon	14	275014221824	0	0		0	0		38				
449	2		0	Weapon	2	4224	0	0		0	0		0				
450	103		0	Weapon	20	134217792	0	0		0	0		18				
451	109		0	Weapon	0	36284020031617	0	0		0	0		88				
452	2		0	Weapon	4	1649269538817	0	0		0	0		11				
453	2		0	Weapon	3	274880004097			1	0	0		19	110	1		
454	11		0	Weapon	536870912	4398182825984	0	0		0	0		38				
455	2		0	Weapon	9	1374389534723	0	0		0	0		12				
456	2		0	Weapon	10	1374389534723	0	0		0	0		12				
457	4		0	Weapon	4	9007199388958848	40	0		5	0		23			10221	5
458	2		0	Weapon	8	1099511631875	0	0		0	0		7				
459	2		0	Weapon	8	96	0	0		0	0		0				
460	24		0	Weapon	2	134217856	15	0		0	0		24	10182	5		
461	66		0	Weapon	5	67113088	0	0		0	0		18				
462	122		0	Weapon	-5	136314881	0	0		1	0		38				
463	2		0	Weapon	2	134217729	0	0		0	0		38				
464	2		0	Weapon	13	274880004162	35	0		0	0		13	109	1		
465	2		0	Weapon	4	274877906947	0	0		0	0		12				
466	2		0	Weapon	9	549755813891	0	0		0	0		11				
467	107		0	Weapon	8	1099511627777	0	0		0	0		8				
468	2		0	Weapon	10	274877906945	0	0		0	0		8				
469	66		0	Weapon	5	528520	0	0		0	0		18				
470	2		0	Weapon	9	1099511627779	0	0		0	0		8				
471	2		0	Weapon	6	549755813889	0	0		0	0		8				
472	2		0	Weapon	25	549757911040	15	0		0	0		11	100	1		
473	2		0	Weapon	12	1099511627777	0	0		0	0		8				
474	2		0	Weapon	5	274877906945	0	0		0	0		12				
475	2		0	Weapon	7	1099511627777	0	0		0	0		7				
476	2		0	Weapon	5	277025390593	0	0		0	0		12				
477	73		0	Weapon	8	1099511627777	0	0		0	0		10				
478	2		0	Weapon	6	1099511627777	0	0		0	0		8				
479	2		0	Weapon	3	274877906945	0	0		0	0		8				
480	2		0	Weapon	7	1099511627777	0	0		0	0		8				
481	66		0	Weapon	5	36992	0	0		0	0		18				
482	2		0	Weapon	-3	4097	0	0		0	0		38				
483	2		0	Weapon	4	549755817985	0	0		0	0		7				
484	2		0	Weapon	10	274877906945			1	0	0		19	110	1		
485	11		0	Weapon	2	8404992	50	0		0	0		0			10200	5
486	2		0	Weapon	3	274880004097	0	0		0	0		12				
487	2		0	Weapon	16	275012124672	0	0		0	0		12				
488	104		0	Weapon	6	274877906945	0	0		0	0		12				
489	2		0	Weapon	0	275014221825	0	0		0	0		50				
490	2		0	Weapon	3	275014221825	0	0		0	0		50				
491	2		0	Weapon	-3	275014221825	0	0		0	0		50				
492	2		0	Weapon	-3	275014221825	0	0		0	0		50				
493	2		0	Weapon	12	274877907072	20	0		0	0		15	111	1		
494	2		0	Weapon	6	1099513724931	0	0		0	0		8				
495	2		0	Weapon	15	1099647942656	0	0		0	0		38				
496	2		0	Weapon	2	1099647942657	0	0		0	0		38				
497	24		0	Weapon	1	1	0	0		0	0		87				
498	24		0	Weapon	5	136	0	0		1	0		18				
499	109		0	Weapon	-3	549757911041	0	0		0	0		12				
500	2		0	Weapon	1	549757911041	0	0		0	0		7				
501	109		0	Weapon	0	274880004097			1	0	0		15	441	1		
502	2		0	Weapon	1	549757911041	0	0		0	0		7				
503	109		0	Weapon	-2	549757911041	0	0		0	0		87				
504	2		0	Weapon	0	142610561	50	0		3	0		18			10049	5
505	2		0	Weapon	25	9007199397482624	50	0		5	0		23			10221	5
506	116		0	Weapon	0	134217728	0	0		1	0		38				
507	2		0	Weapon	10	1099511627779	0	0		0	0		12				
508	2		0	Weapon	9	549755813889	0	0		0	0		7				
509	2		0	Weapon	11	1374389534723	0	0		0	0		12				
510	3		0	Weapon	15	32832	0	0		1	0		18				
511	73		0	Weapon	-2	1	0	0		0	0		24				
512	2		0	Weapon	-3	549892128769	0	0		0	0		38				
513	2		0	Weapon	4	549757911041	0	0		0	0		7				
514	2		0	Weapon	5	1099513724929	0	0		0	0		7				
515	2		0	Weapon	16	9007199254741056	13	0		1	0		16	10179	0	10178	5
516	11		0	Weapon	2048	128	0	0		1	0		0				
517	2		0	Weapon	1	549757911045	0	0		0	0		11				
518	3	2	0	Weapon	10	8320	0	0		1	0		0			10156	5
519	2		0	Weapon	8	1099511627777	0	0		0	0		8				
520	2		0	Weapon	3	274880004097	0	0		0	0		12				
521	2		0	Weapon	9	1099511627777	0	0		0	0		8				
522	2		0	Weapon	21	1099511627843	0	0		0	0		8				
523	2		0	Weapon	0	1374523752449	0	0		0	0		38				
524	2		0	Weapon	7	1099511627777	0	0		0	0		8				
525	2		0	Weapon	19	549755813891	0	0		0	0		11				
526	2		0	Weapon	16	274880004098	50	0		0	0		14	109	1		
527	2		0	Weapon	10	3	0	0		0	0		11				
528	2		0	Weapon	7	1099511627779	0	0		0	0		8				
529	11		0	Weapon	131072	4096	0	0		0	0		0				
530	2		0	Weapon	0	1099511627777	0	0		0	0		38				
531	11		0	Weapon	536870912	4535619682304	0	0		0	0		0				
532	2		0	Weapon	7	274877906947	0	0		0	0		12				
533	2		0	Weapon	-5	549893177345	0	0		1	0		38				
534	2		0	Weapon	0	55834574945			3	2	0		16			10258	5
535	2		0	Weapon	-10	55834575425			3	4	0		16			10259	5
536	7		0	Weapon	-10	55834583169			3	6	0		16			10260	5
537	66		0	Weapon	12	8732692608	100	0		0	0		22			10153	9
538	2		0	Weapon	10	274880004096			1	0	0		15	441	1		
539	2		0	Weapon	-4	549757911041	0	0		0	0		38				
540	2		0	Weapon	8	412453175296	0	0		1	0		12				
541	2		0	Weapon	4	549755813891	0	0		0	0		12				
542	2		0	Weapon	14	96	0	0		3	0		0			10113	5
543	2		0	Weapon	10	2199023255620	0	0		0	0		0				
544	109		0	Weapon	1	128	0	0		0	0		9				
545	11		0	Weapon	4294967296	4224	0	0		0	0		0				
546	109		0	Weapon	1	8830452760704	0	0		0	0		9				
547	2		0	Weapon	8	549755813889			3	0	0		11	100	1		
548	2		0	Weapon	-5	549757911041	0	0		0	0		38				
549	2		0	Weapon	-5	274877907073	0	0		0	0		7				
550	2		0	Weapon	0	274877906945	0	0		0	0		38				
551	2		0	Weapon	-5	65	0	0		0	0		12				
552	2		0	Weapon	0	1099511627777	0	0		0	0		38				
553	2		0	Weapon	0	131201	0	0		0	0		38				
554	2		0	Weapon	0	549757911041	0	0		0	0		38				
555	2		0	Weapon	10	1099511627779	0	0		0	0		8				
556	24		0	Weapon	8	1099511627777	0	0		0	0		8				
557	33		0	Weapon	5	1099645845505	0	0		0	0		38				
558	2		0	Weapon	0	275012124737	0	0		0	0		12				
559	2		0	Weapon	0	1099511627905	0	0		0	0		38				
560	2		0	Weapon	0	1099511627777	0	0		0	0		38				
561	2		0	Weapon	2	1099645845505	0	0		0	0		83				
562	2		0	Weapon	0	35184372093057	0	0		1	0		18				
563	2		0	Weapon	0	549757911041	0	0		0	0		38				
564	2		0	Weapon	9	549755813891	0	0		0	0		8				
565	46		0	Weapon	20	129	0	0		0	0		0				
566	2		0	Weapon	18	274877907010	50	0		0	0		13	109	1		
567	74		0	Weapon	15	274877907010	45	0		0	0		14	274	4		
568	2		0	Weapon	0	55834574945	6	0		1	0		16			10258	5
569	2		0	Weapon	-10	55834575425	6	0		2	0		16			10259	5
570	7		0	Weapon	-10	55834583169	5	0		3	0		16			10260	5
571	2		0	Weapon	18	1099511627843	0	0		0	0		8				
572	2		0	Weapon	20	96	0	0		0	0		0				
573	2		0	Weapon	3	274877911041	0	0		0	0		12				
574	2		0	Weapon	0	1099647942657	0	0		0	0		38				
575	2		0	Weapon	0	549755813889	0	0		0	0		10				
576	109		0	Weapon	0	35734264217601	0	0		0	0		88				
577	109		0	Weapon	0	1099647942657	0	0		0	0		38				
578	2		0	Weapon	2	277027487745	0	0		0	0		12				
579	109		0	Weapon	0	35459386310721	0	0		0	0		12				
580	2		0	Weapon	6	549755813889	0	0		0	0		8				
581	2		0	Weapon	2	274880004097	0	0		0	0		12				
582	2		0	Weapon	7	274877906947	0	0		0	0		12				
583	2		0	Weapon	-4	275014221825	0	0		0	0		50				
584	2		0	Weapon	1	1099647942657	0	0		0	0		38				
585	2		0	Weapon	0	8407169	30	0		0	0		24	210	4	10219	5
586	2		0	Weapon	7	824633720833	0	0		0	0		52				
587	2		0	Weapon	2	1099645845505	0	0		0	0		38				
588	2		0	Weapon	0	549755813889	0	0		0	0		10				
589	2		0	Weapon	8	1374389534721	0	0		0	0		7				
590	2		0	Weapon	-5	549892128769	0	0		0	0		12				
591	2		0	Weapon	5	274880004099	0	0		0	0		12				
592	109		0	Weapon	-3	549757911041	0	0		0	0		87				
593	2		0	Weapon	0	275014221825	0	0		0	0		12				
594	2		0	Weapon	4	824635817985	0	0		0	0		12				
595	2		0	Weapon	9	274880004098	30	0		0	0		14	109	1		
596	11		0	Weapon	128	142757888	5	0		0	0		41			10208	5
597	2		0	Weapon	3	414600658945	0	0		0	0		12				
598	103		0	Weapon	10	134217792	0	0		0	0		18				
599	2		0	Weapon	10	1099511627779	0	0		0	0		12				
600	2		0	Weapon	-5	2199159570497			1	0	0		83	214	4		
601	2		0	Weapon	5	2097217	0	0		0	0		38				
602	2		0	Weapon	10	96			2	0	0		16	10182	4		
603	2		0	Weapon	4	549757911041	0	0		0	0		7				
604	2		0	Weapon	2	275012124673	0	0		0	0		38				
605	11		0	Weapon	2048	128	0	0		1	0		0				
606	2		0	Weapon	-3	549757911041			1	0	0		15	111	1		
607	2		0	Weapon	9	274877906946	30	0		0	0		14	109	0		
608	3		0	Weapon	10	640	0	0		0	0		0			10105	5
609	107		0	Weapon	8	1099511627777	0	0		0	0		8				
610	121		0	Weapon	0	8796229337088	0	0		0	0		38				
611	2		0	Weapon	0	549755813889	0	0		0	0		10				
612	2		0	Weapon	3	274877906945	0	0		0	0		12				
613	2		0	Weapon	5	1099511627777	0	0		0	0		7				
614	2		0	Weapon	12	274877906946	30	0		0	0		14	109	1		
615	2		0	Weapon	0	275014221825	0	0		0	0		38				
616	2		0	Weapon	15	549892128768	0	0		0	0		38				
617	2		0	Weapon	15	1099511627843	0	0		0	0		8				
618	24		0	Weapon	7	549755813889	0	0		0	0		7				
619	24		0	Weapon	11	1374389534723	0	0		0	0		12				
620	2		0	Weapon	0	274880004097			1	0	0		19	441	1		
621	2		0	Weapon	0	274880004097			1	0	0		19	441	1		
622	2		0	Weapon	9	1099511627779	0	0		0	0		11				
623	11		0	Weapon	128	16384	0	0		0	0		0				
624	2		0	Weapon	7	1099511627777	0	0		0	0		11				
625	46		0	Weapon	25	2105472	0	0		0	0		0				
626	2		0	Weapon	7	1099511627777	0	0		0	0		11				
627	2		0	Weapon	9	1099511627777	0	0		0	0		24				
628	0		0	Spell	0	0	0	0		0	0		0				
629	3		0	Spell	2010	2176	0	0		1	0		0				
630	3		0	Spell	2030	2176	0	0		1	0		0				
631	3		0	Spell	2010	160	0	0		6	0		0				
632	600		0	Spell	261	147456	0	0		0	0		0				
633	3		0	Spell	2030	2176	0	0		1	0		0				
634	3		0	Spell	2010	2176	0	0		6	0		0				
635	4		0	Spell	2	128	0	0		1	0		0				
636	7		0	Spell	1004	8320	0	0		1	0		0				
637	3		0	Spell	2010	640	0	0		1	0		0				
638	1		0	Spell	-1	8388608	15	1		0	0		0				
639	11		0	Spell	256	4224	0	0		1	0		0				
640	1		1	Spell	640	0	0	0		0	0		0				
641	11		0	Spell	2048	8405120	0	0		1	0		0				
642	15		0	Spell	1	12599424	0	0		0	0		0				
643	66		0	Spell	10	537002112	0	0		1	0		0				
644	1		1	Spell	360	0	0	0		0	0		0				
645	1		1	Spell	-2	0	0	0		0	0		0				
646	1		1	Spell	304	0	0	0		0	0		0				
647	10		0	Spell	1024	8404992	0	0		0	0		0				
648	11		0	Spell	256	4224	0	0		10	0		0				
649	4		0	Spell	4	128	0	0		1	0		0				
650	1		0	Spell	303	0	0	0		0	0		0				
651	1		0	Spell	361	0	0	0		0	0		0				
652	11		0	Spell	33554432	4224	0	0		1	0		0				
653	1		1	Spell	518	0	0	0		0	0		0				
654	1		1	Spell	303	0	0	0		0	0		0				
655	10		0	Spell	176	16384	0	0		0	0		0				
656	1		1	Spell	561	0	0	0		0	0		0				
657	1		1	Spell	562	0	0	0		0	0		0				
658	3	2	0	Spell	15	160	0	0		1	0		0			10155	5
659	2		0	Spell	1	2176	0	0		6	0		0				
660	21		1	Spell	625	0	0	0		0	0		0				
661	21		1	Spell	490	0	0	0		0	0		0				
662	81		0	Spell	58	0	0	0		0	0		0				
663	11		0	Spell	8388608	536875136	0	0		1	0		0				
664	1		1	Spell	564	8388608	0	0		0	0		0				
665	1		1	Spell	593	0	0	0		0	0		0				
666	1		1	Spell	592	0	0	0		0	0		0				
667	3		0	Spell	2010	160	0	0		1	0		0				
668	11		0	Spell	33554432	16777344	0	0				100	0				
669	599		0	Spell	201	8404992	0	0		0	0		0				
670	66		0	Spell	5	8933504	0	0		1	0		0				
671	11		0	Spell	262144	10485888	0	0		1	0		0				
672	11		0	Spell	16777216	27263104	0	0		1	0		0				
673	1		1	Spell	736	0	0	0		0	0		0				
674	37		1	Spell	-1	0	0	0		0	0		0				
675	11		0	Spell	64	10502272	0	0		0	0		0				
676	1		0	Spell	403	0	0	0		0	0		0				
677	1		0	Spell	303	0	0	0		0	0		0				
678	1		0	Spell	676	0	0	0		0	0		0				
679	1		0	Spell	1357	0	0	0		0	0		0				
680	1		0	Spell	628	0	0	0		0	0		0				
681	1		0	Spell	284	0	0	0		0	0		0				
682	23		1	Spell	8388608	8388608	0	0		0	0		0			0	0
683	1		0	Spell	959	8388608	0	0		0	0		0				
684	21		0	Spell	960	8388608	0	0		0	0		0				
685	85		1	Spell	0	8388608	0	0		0	0		0				
686	66		0	Spell	7	128	0	0		1	0		0				
687	1		0	Spell	1139	0	0	0		0	0		0				
688	1		1	Spell	1037	0	0	0		0	0		0				
689	1		1	Spell	1086	0	0	0		0	0		0				
690	11		0	Spell	1	4224	0	0		1	0		0				
691	11		0	Spell	1	4224	0	0		1	0		0				
692	11		0	Spell	1	4224	0	0		1	0		0				
693	1		0	Spell	284	0	0	0		0	0		0				
694	81		0	Spell	77	0	0	0		0	0		0				
695	1		1	Spell	1357	0	0	0		0	0		0			0	0
696	1		1	Spell	1367	0	0	0		0	0		0			0	0
697	1		1	Spell	464	0	0	0		0	0		0			0	0
698	81		0	Spell	6	0	0	0		0	0		16			10034	9
699	105		0	Spell	999	4224	0	0				100	0				
700	1		1	Spell	1425	0	0	0		0	0		0				
701	1		1	Spell	304	0	0	0		0	0		0				
702	1		1	Spell	449	0	0	0		0	0		0				
703	1		1	Spell	632	0	0	0		0	0		0				
704	1		1	Spell	489	0	0	0		0	0		0				
705	1		1	Spell	1481	0	0	0		0	0		0				
706	1		1	Spell	1478	0	0	0		0	0		0				
707	81		0	Spell	7	0	0	0		0	0		0				
708	21		0	Spell	-3	0	0	0		0	0		0				
709	2		0	Spell	3	640	0	0		10	0		0				
710	2		0	Spell	20	524424	15	0		1	0		30			10135	9
711	2		0	Spell	2	4224	0	0		10	0		0				
712	28		0	Spell	999	4240	0	0		0	0		0				
713	101		0	Spell	10	0	0	0		0	0		0				
714	101		0	Spell	3	0	0	0		0	0		0				
715	1		1	Spell	435	0	0	0		0	0		0				
716	1		0	Spell	448	8388608	0	0		0	0		0				
717	1		1	Spell	2051	0	0	0		0	0		0				
718	1		1	Spell	2045	0	0	0		0	0		0				
719	112		1	Spell	999	0	0	0		0	0		0				
720	1		1	Spell	2090	0	0	0		0	0		0				
721	81		0	Spell	1	0	0	0		0	0		0				
722	113		1	Spell	0	276828160	0	0		0	0		0				
723	1		0	Spell	-9	8388608	0	0		0	0		0				
724	1		0	Spell	2136	0	0	0		0	0		0				
725	1		0	Spell	1224	0	0	0		0	0		0				
726	1		0	Spell	-5	0	0	0		0	0		0				
727	1		1	Spell	2219	0	0	0		0	0		0				
728	11		0	Spell	16384	128	0	0		1	0		0				
729	11		0	Spell	1	4224	0	0		1	0		0				
730	1		0	Spell	361	0	0	0		0	0		0				
731	11		0	Spell	16777216	17592196530304	0	0		1	0		0				
732	11		0	Spell	2097152	128	0	0		1	0		0				
733	1		0	Spell	2287	0	0	0		0	0		0				
734	48		1	Spell	55	276824064	0	0		0	0		0				
735	2		0	Spell	20	562949956567104	0	0				10	0	10194	5		
736	1		0	Spell	-2	8388608	1	0		0	0		43				
737	11		0	Spell	262144	10485888	0	0				50	0				
738	1		1	Spell	2528	0	0	0		0	0		0				
739	1		0	Spell	517	0	1	0		0	0		32				
740	11		0	Spell	512	16416	0	0		0	0		0				
741	11		0	Spell	1	4224	0	0		1	0		0				
742	11		0	Spell	1	4224	0	0		1	0		0				
743	11		0	Spell	1	4224	0	0		1	0		0				
744	11		0	Spell	1	4224	0	0		1	0		0				
745	11		0	Spell	1	4224	0	0		1	0		0				
746	11		0	Spell	1	4224	0	0		1	0		0				
747	11		0	Spell	1	4224	0	0		1	0		0				
748	11		0	Spell	1	4224	0	0		1	0		0				
749	11		0	Spell	1	4224	0	0		1	0		0				
750	11		0	Spell	1	4224	0	0		1	0		0				
751	11		0	Spell	1	4224	0	0		1	0		0				
752	11		0	Spell	1	4224	0	0		1	0		0				
753	11		0	Spell	1	4224	0	0		1	0		0				
754	11		0	Spell	1	4224	0	0		1	0		0				
755	11		0	Spell	1	4224	0	0		1	0		0				
756	11		0	Spell	1	4224	0	0		1	0		0				
757	11		0	Spell	1	4224	0	0		1	0		0				
758	11		0	Spell	1	4224	0	0		1	0		0				
759	11		0	Spell	1	4224	0	0		1	0		0				
760	11		0	Spell	1	4224	0	0		1	0		0				
761	11		0	Spell	1	4224	0	0		1	0		0				
762	11		0	Spell	1	4224	0	0		1	0		0				
763	11		0	Spell	1	4224	0	0		1	0		0				
764	11		0	Spell	1	4224	0	0		1	0		0				
765	11		0	Spell	1	4224	0	0		1	0		0				
766	11		0	Spell	1	4224	0	0		1	0		0				
767	11		0	Spell	1	4224	0	0		1	0		0				
768	11		0	Spell	1	4224	0	0		1	0		0				
769	11		0	Spell	1	4224	0	0		1	0		0				
770	11		0	Spell	1	4224	0	0		1	0		0				
771	11		0	Spell	1	4224	0	0		1	0		0				
772	11		0	Spell	1	4224	0	0		1	0		0				
773	11		0	Spell	1	4224	0	0		1	0		0				
774	11		0	Spell	1	4224	0	0		1	0		0				
775	11		0	Spell	1	4224	0	0		1	0		0				
776	11		0	Spell	1	4224	0	0		1	0		0				
777	11		0	Spell	1	4224	0	0		1	0		0				
778	2		0	Spell	3001	8392840	15	5		2	2		30			10243	9
779	10		0	Spell	1	12632064	0	10		0	5		30			10217	9
780	10		0	Spell	32768	12599296	13	2		0	5		30			10218	9
781	2		0	Spell	5000	8933512	25	0		0	0		41			1317	4
782	10		0	Spell	4194304	8404992	0	0		0	0		30			10022	9
783	10		0	Spell	1	12615680	0	0				100	30			10217	9
784	2		0	Spell	20	8409216	25	0		0	0		30			1317	4
785	10		0	Spell	32768	12582912	0	0				100	30			10218	9
786	66		0	Spell	10	8409216	100	0		0	0		41			10205	9
787	81		0	Spell	91	8404992	0	0		0	0		41			10191	9
788	2		0	Spell	6	96	20	5		0	0		16	10146	0		
789	10		0	Spell	8	16384	0	0		0	0		31			10224	9
790	2		0	Spell	1008	640	1	0		0	0		21			10068	9
791	2		0	Spell	10	1649269538816	20	5		0	0		45	99	0	99	1
792	23		0	Spell	1	8404992	0	0		0	0		31			10046	7
793	2		0	Spell	1005	8405120	1	0		0	0		0			165	3
794	3		0	Spell	5110	545935488	1	0		0	0		29			10028	7
795	11		0	Spell	8192	545804416	20	5		0	0		32			10123	9
796	42		1	Spell	11	0	0	0		0	0		0			0	0
797	21		1	Spell	1881	0	0	0		0	0		0			0	0
798	93		1	Spell	1822	0	0	0		0	0		0			0	0
799	11		0	Spell	1	4224	0	0		1	0		0				
800	1		1	Spell	1807	0	0	0		0	0		0			0	0
801	21		1	Spell	1809	0	0	0		0	0		0			0	0
802	21		1	Spell	1908	0	0	0		0	0		0			0	0
803	101		1	Spell	-5	545783808	0	0		0	0		0			55	5
804	111		1	Spell	15	545783808	0	0		0	0		0			55	5
805	10		0	Spell	256	4718600	0	0				100	32			10173	9
806	10		0	Spell	16	4718600	0	0				100	32			10173	9
807	23		0	Spell	128	8404992	0	0		0	0		41			10190	9
808	10		0	Spell	32776	12599296	10	0		0	2		30			10218	9
809	29		0	Spell	999	25165824	5	0		0	0		22			10007	9
810	2		0	Spell	999	25706632	15	0		0	0		41			1317	4
811	8		0	Spell	15	8404992	0	0		0	0		41			10190	9
812	1		1	Spell	2100	0	0	0		0	0		0			0	0
813	21		1	Spell	2089	0	0	0		0	0		0			0	0
814	21		1	Spell	2093	0	0	0		0	0		0			0	0
815	21		1	Spell	2095	0	0	0		0	0		0			0	0
816	21		1	Spell	2106	41943040	0	0		0	0		0			0	0
817	21		1	Spell	2099	0	0	0		0	0		0			0	0
818	21		1	Spell	2096	0	0	0		0	0		0			0	0
819	1		1	Spell	2091	0	0	0		0	0		0			0	0
820	21		1	Spell	2097	0	0	0		0	0		0			0	0
821	1		1	Spell	1971	0	0	0		0	0		0			0	0
822	1		1	Spell	1977	8388608	0	0		0	0		0			0	0
823	1		1	Spell	1656	0	0	0		0	0		0			0	0
824	1		1	Spell	1649	0	0	0		0	0		0			0	0
825	10		0	Spell	16384	21102592	0	0				100	22			10142	9
826	1		1	Spell	1947	0	0	0		0	0		0			0	0
827	1		1	Spell	1946	0	0	0		0	0		0			0	0
828	119		1	Spell	1956	0	0	0		0	0		0			0	0
829	21		1	Spell	1945	0	0	0		0	0		0			0	0
830	37		1	Spell	1953	276824064	0	0		0	0		0			0	0
831	21		1	Spell	1954	0	0	0		0	0		0			0	0
832	21		1	Spell	1952	0	0	0		0	0		0			0	0
833	21		1	Spell	1943	0	0	0		0	0		0			0	0
834	1		1	Spell	1940	0	0	0		0	0		0			0	0
835	38		1	Spell	1948	276824064	0	0		0	0		0			60	7
836	21		1	Spell	1944	0	0	0		0	0		0			0	0
837	21		1	Spell	1955	8388608	0	0		0	0		0			0	0
838	21		1	Spell	1942	0	0	0		0	0		0			0	0
839	21		1	Spell	1941	0	0	0		0	0		0			0	0
840	21		1	Spell	1949	0	0	0		0	0		0			0	0
841	1		1	Spell	2186	0	0	0		0	0		0			0	0
842	0		0	Spell	0	0	0	0		0	0		0				
843	1		1	Spell	2398	0	0	0		0	0		0			0	0
844	21		1	Spell	2267	0	0	0		0	0		0			0	0
845	24		0	Spell	1006	64	25	5		3	0		16			10128	9
846	1		1	Spell	1998	8388608	0	0		0	0		0			0	0
847	21		1	Spell	2045	0	0	0		0	0		0			0	0
848	21		1	Spell	2039	0	0	0		0	0		0			0	0
849	1		1	Spell	2074	0	0	0		0	0		0			0	0
850	1		1	Spell	2073	0	0	0		0	0		0			0	0
851	21		1	Spell	2056	0	0	0		0	0		0			0	0
852	21		1	Spell	2057	0	0	0		0	0		0			0	0
853	21		1	Spell	2058	0	0	0		0	0		0			0	0
854	21		1	Spell	2051	0	0	0		0	0		0			0	0
855	21		1	Spell	2052	0	0	0		0	0		0			0	0
856	89		1	Spell	14	0	0	0		0	0		0			60	6
857	1		1	Spell	2072	0	0	0		0	0		0			0	0
858	21		1	Spell	2071	0	0	0		0	0		0			0	0
859	1		1	Spell	1664	41943040	0	0		0	0		0			0	0
860	50		1	Spell	1624	0	0	0		0	0		0			0	0
861	28		0	Spell	999	92536960	5	0		0	0		22			10042	9
862	10		0	Spell	67108864	79708160	15	0		1	0		22			10049	9
863	10		0	Spell	1	79740928	15	0		1	0		30			10049	9
864	23		0	Spell	33554432	79708160	15	0		1	0		22			10049	9
865	11		0	Spell	2	8421376	50	0		1	0		22			10009	9
866	10		0	Spell	67108864	79708160	5	0		10	0		22			10049	9
867	10		0	Spell	1	79740928	5	0		10	0		30			10049	9
868	29		0	Spell	999	25198592	50	0		0	0		22			10007	9
869	23		0	Spell	33554432	79708160	5	0		5	0		22			10142	9
870	10		0	Spell	1	79724544	0	0				100	30			10142	9
871	10		0	Spell	67108864	96468992	0	0				100	22			10142	9
872	23		0	Spell	33554432	79691776	0	0				100	22			10142	9
873	1		1	Spell	259	0	0	0		0	0		0			0	0
874	21		1	Spell	260	0	0	0		0	0		0			0	0
875	21		1	Spell	256	0	0	0		0	0		0			0	0
876	21		1	Spell	257	0	0	0		0	0		0			0	0
877	21		1	Spell	258	0	0	0		0	0		0			0	0
878	21		1	Spell	254	8388608	0	0		0	0		0			0	0
879	21		1	Spell	253	8388608	0	0		0	0		0			0	0
880	1		1	Spell	255	8388608	0	0		0	0		0			0	0
881	1		1	Spell	259	0	0	0		0	0		0			0	0
882	1		1	Spell	255	8388608	0	0		0	0		0			0	0
883	1		1	Spell	255	8388608	0	0		0	0		0			0	0
884	1		1	Spell	259	0	0	0		0	0		0			0	0
885	1		1	Spell	187	0	0	0		0	0		0			0	0
886	21		1	Spell	681	0	0	0		0	0		0			0	0
887	21		1	Spell	678	0	0	0		0	0		0			0	0
888	21		1	Spell	680	0	0	0		0	0		0			0	0
889	21		1	Spell	679	0	0	0		0	0		0			0	0
890	21		1	Spell	2333	0	0	0		0	0		0			0	0
891	21		1	Spell	2334	0	0	0		0	0		0			0	0
892	21		1	Spell	2335	0	0	0		0	0		0			0	0
893	28		0	Spell	999	92536960	5	0		0	0		22			10042	9
894	10		0	Spell	67108864	79708160	15	0		1	0		22			10049	9
895	10		0	Spell	1	79740928	15	0		1	0		30			10049	9
896	23		0	Spell	33554432	79708160	15	0		1	0		22			10049	9
897	11		0	Spell	2	8421376	50	0		1	0		22			10009	9
898	10		0	Spell	67108864	79708160	5	0		10	0		22			10049	9
899	10		0	Spell	1	79740928	5	0		10	0		30			10049	9
900	29		0	Spell	999	25198592	50	0		0	0		22			10007	9
901	23		0	Spell	33554432	79708160	5	0		5	0		22			10142	9
902	10		0	Spell	1	79724544	0	0				100	30			10142	9
903	10		0	Spell	67108864	96468992	0	0				100	22			10142	9
904	23		0	Spell	33554432	79691776	0	0				100	22			10142	9
905	21		1	Spell	690	0	0	0		0	0		0			0	0
906	21		1	Spell	691	0	0	0		0	0		0			0	0
907	21		1	Spell	692	0	0	0		0	0		0			0	0
908	10		0	Spell	67108864	79708160	15	0		1	0		22			10049	9
909	23		0	Spell	33554432	79708160	15	0		1	0		22			10049	9
910	10		0	Spell	67108864	79708160	5	0		10	0		22			10049	9
911	23		0	Spell	33554432	79708160	5	0		5	0		22			10049	9
912	10		0	Spell	67108864	96468992	0	0				100	22			10049	9
913	23		0	Spell	33554432	79691776	0	0				100	22			10049	9
914	86		1	Spell	36	276824064	0	0		0	0		0	0	0	0	0
915	4		0	Spell	5	393344	0	0		15	0		22			10164	9
916	11		0	Spell	64	262144	0	0		15	0		44			10164	9
917	3		0	Spell	1030	397440	0	0		15	0		44			10164	9
918	21		1	Spell	714	0	0	0		0	0		0			0	0
919	21		1	Spell	711	0	0	0		0	0		0			0	0
920	21		1	Spell	710	0	0	0		0	0		0			0	0
921	23		0	Spell	4	79691904	10	5		1	0		22			10047	9
922	23		0	Spell	536870912	79708288	5	5		1	0		22			10047	9
923	13		0	Spell	10020	75513984	10	5		0	0		22			10047	9
924	23		0	Spell	4	79696000	0	0				100	22			10047	9
925	23		0	Spell	536870912	96469120	0	0				100	22			10047	9
926	10		0	Spell	32768	4325504	0	0		5	5		44			10121	9
927	8		0	Spell	5	4325504	0	0		5	5		44			10121	9
928	13		0	Spell	1000	4849792	0	0		5	5		29			10121	9
929	1		1	Spell	1769	0	0	0		0	0		0			0	0
930	1		1	Spell	1770	0	0	0		0	0		0			0	0
931	1		1	Spell	1770	0	0	0		0	0		0			0	0
932	1		1	Spell	1768	0	0	0		0	0		0			0	0
933	21		1	Spell	1776	0	0	0		0	0		0			0	0
934	1		1	Spell	1821	0	1	0		0	0		0				
935	81		0	Spell	86	0	0	0		0	0		42			10001	9
936	73		0	Spell	13	274877907008	35	0		0	0		45	441	1		
937	73		0	Spell	10	274877907008	25	0		0	0		45	441	1		
938	21		1	Spell	1975	0	0	0		0	0		0			0	0
939	10		0	Spell	67108864	29491200	0	0				100	22			10142	9
940	11		0	Spell	1	4224	0	0		1	0		0				
941	21		1	Spell	1019	0	0	0		0	0		0			60	7
942	1		1	Spell	1358	0	0	0		0	0		0			0	0
943	11		0	Spell	1	4224	0	0		1	0		0				
944	21		1	Spell	525	0	0	0		0	0		0			0	0
945	1		1	Spell	1607	0	0	0		0	0		0			0	0
946	89		1	Spell	12	0	0	0		0	0		0			0	0
947	21		1	Spell	464	0	0	0		0	0		0			0	0
948	37		1	Spell	543	0	0	0		0	0		0			0	0
949	21		1	Spell	1369	0	0	0		0	0		0			0	0
950	21		1	Spell	1368	0	0	0		0	0		0			0	0
951	1		1	Spell	1000	0	0	0		0	0		0			0	0
952	21		1	Spell	626	0	0	0		0	0		0			60	7
953	1		0	Spell	261	0	1	0		0	0		0				
954	1		1	Spell	2190	0	0	0		0	0		0			0	0
955	1		1	Spell	2363	0	0	0		0	0		0			0	0
956	1		1	Spell	1309	0	0	0		0	0		0			0	0
957	81		1	Spell	44	0	0	0		0	0		0			0	0
958	1		1	Spell	1359	0	0	0		0	0		0			0	0
959	1		1	Spell	859	0	0	0		0	0		0			0	0
960	1		1	Spell	1889	8388608	0	0		0	0		0			0	0
961	1		1	Spell	1358	0	0	0		0	0		0			0	0
962	21		1	Spell	525	0	0	0		0	0		0			0	0
963	89		1	Spell	13	0	0	0		0	0		0			0	0
964	1		1	Spell	1357	0	0	0		0	0		0			0	0
965	1		1	Spell	1356	0	0	0		0	0		0			0	0
966	21		1	Spell	1422	0	0	0		0	0		0			0	0
967	1		1	Spell	1483	0	0	0		0	0		0			0	0
968	21		1	Spell	1558	0	0	0		0	0		0			0	0
969	21		1	Spell	1360	0	0	0		0	0		0			0	0
970	1		1	Spell	1356	0	0	0		0	0		0			0	0
971	1		1	Spell	903	0	0	0		0	0		0			0	0
972	1		1	Spell	904	0	0	0		0	0		0			0	0
973	1		1	Spell	1338	0	0	0		0	0		0			0	0
974	1		1	Spell	926	0	0	0		0	0		0			0	0
975	1		1	Spell	902	0	0	0		0	0		0			0	0
976	1		0	Spell	1363	8388608	1	0		0	0		43			10232	9
977	1		0	Spell	1363	8388608	1	0		0	0		43			10232	9
978	1		1	Spell	1319	0	0	0		0	0		0			0	0
979	1		1	Spell	1332	0	0	0		0	0		0			0	0
980	21		1	Spell	1329	0	0	0		0	0		0			0	0
981	21		1	Spell	1330	0	0	0		0	0		0			0	0
982	21		1	Spell	1322	0	0	0		0	0		0			0	0
983	1		1	Spell	1335	0	0	0		0	0		0			0	0
984	21		1	Spell	1320	0	0	0		0	0		0			0	0
985	21		1	Spell	1331	0	0	0		0	0		0			0	0
986	21		1	Spell	1321	0	0	0		0	0		0			0	0
987	21		1	Spell	1337	0	0	0		0	0		0			0	0
988	21		1	Spell	1336	0	0	0		0	0		0			0	0
989	21		1	Spell	1713	0	0	0		0	0		0			0	0
990	21		1	Spell	1906	0	0	0		0	0		0			0	0
991	10		0	Spell	262144	4227088	15	0				100	31			10025	5
992	1		1	Spell	1736	0	0	0		0	0		0			0	0
993	1		1	Spell	1742	0	0	0		0	0		0			0	0
994	1		1	Spell	1741	0	0	0		0	0		0			0	0
995	1		1	Spell	1737	0	0	0		0	0		0			0	0
996	1		1	Spell	1743	0	0	0		0	0		0			0	0
997	21		1	Spell	1714	0	0	0		0	0		0			0	0
998	21		1	Spell	1744	0	0	0		0	0		0			0	0
999	21		1	Spell	1748	0	0	0		0	0		0			0	0
1000	1		1	Spell	1767	0	0	0		0	0		0			0	0
1001	1		1	Spell	1764	0	0	0		0	0		0			0	0
1002	1		1	Spell	1765	8388608	0	0		0	0		0			0	0
1003	1		1	Spell	1260	0	0	0		0	0		0			0	0
1004	1		1	Spell	1482	0	0	0		0	0		0			0	0
1005	1		1	Spell	1264	0	0	0		0	0		0			0	0
1006	1		1	Spell	1478	0	0	0		0	0		0			0	0
1007	1		1	Spell	1266	0	0	0		0	0		0			0	0
1008	1		1	Spell	1479	0	0	0		0	0		0			0	0
1009	21		1	Spell	1256	0	0	0		0	0		0			0	0
1010	1		1	Spell	1272	0	0	0		0	0		0			0	0
1011	21		1	Spell	1480	0	0	0		0	0		0			0	0
1012	21		1	Spell	1431	0	0	0		0	0		0			0	0
1013	1		1	Spell	1274	0	0	0		0	0		0			0	0
1014	21		1	Spell	1276	0	0	0		0	0		0			0	0
1015	21		1	Spell	1434	0	0	0		0	0		0			0	0
1016	21		1	Spell	1316	0	0	0		0	0		0			0	0
1017	1		1	Spell	1490	8388608	0	0		0	0		0			0	0
1018	120		1	Spell	1	8388608	0	0		0	0		0				
1019	1		1	Spell	640	8388608	0	0		0	0		0			0	0
1020	1		1	Spell	495	8388608	0	0		0	0		0			0	0
1021	1		1	Spell	1497	8388608	0	0		0	0		0			0	0
1022	1		1	Spell	1496	8388608	0	0		0	0		0			0	0
1023	1		1	Spell	1498	8388608	0	0		0	0		0			0	0
1024	21		1	Spell	1499	8388608	0	0		0	0		0			0	0
1025	1		1	Spell	1439	0	0	0		0	0		0			0	0
1026	21		1	Spell	1440	0	0	0		0	0		0			0	0
1027	1		1	Spell	1441	0	0	0		0	0		0			0	0
1028	1		1	Spell	1439	0	0	0		0	0		0			0	0
1029	1		1	Spell	2509	0	0	0		0	0		0			0	0
1030	1		1	Spell	1500	0	0	0		0	0		0			0	0
1031	21		1	Spell	1476	0	0	0		0	0		0			0	0
1032	1		1	Spell	2509	0	0	0		0	0		0			0	0
1033	23		0	Spell	33554432	79708160	25	0		25	0		22			10049	9
1034	21		1	Spell	1562	8388608	0	0		0	0		0			0	0
1035	110		1	Spell	2052	276828160	0	0		0	0		0				
1036	0		0	Spell	0	0	0	0		0	0		0				
1037	0		0	Spell	0	0	0	0		0	0		0				
1038	2		0	Spell	1012	96	1	0		1	0		16			10133	9
1039	2		0	Spell	10	96	20	5		0	0		16	10143	0	10146	5
1040	2		0	Spell	2018	96	30	5		0	0		16	10073	0	10146	5
1041	2		0	Spell	3015	8390784	1	0		0	0		24			10219	9
1042	11		0	Spell	134217728	20480	20	5		1	0		21	10256	9		
1043	2		0	Spell	1017	512	35	5		0	0		21	10068	0		
1044	2		0	Spell	1005	8388704	10	5		1	0		42	10065	0		
1045	2		0	Spell	10	2199023255616	2	0		3	0		16	10070	0	10130	7
1046	85		1	Spell	37	276824064	0	0		0	0		0	0	0	0	0
1047	2		0	Spell	1004	128	30	0		0	0		16			1325	4
1048	2		0	Spell	1008	8388752	25	5		0	0		21	10068	0		
1049	2		0	Spell	2010	96	5	0		1	0		16	10073	0	10113	9
1050	2		0	Spell	2013	96	25	5		1	0		16	10238	0	10133	9
1051	7	3	0	Spell	2	8352	25	0		2	1		16			10269	9
1052	2		0	Spell	2015	512	5	0		1	0		21	10068	0	10108	9
1053	81		0	Spell	7	0	0	0		0	0		27			141	8
1054	2		0	Spell	1012	8407168	25	5		0	0		24			10219	9
1055	2		0	Spell	1007	8390784	2	0		6	0		24			10219	9
1056	11	4	0	Spell	2048	16384	25	0		4	1		42			10053	9
1057	2		0	Spell	1010	67108928	25	5		1	0		41			2329	4
1058	2		0	Spell	1013	274877906944	20	5		0	0		14	419	0		
1059	2		0	Spell	2012	96	20	5		1	0		16	10073	0	10113	9
1060	91		1	Spell	15	96	0	0		0	0		0				
1061	81		0	Spell	70	0	0	0		0	0		27			141	8
1062	2	3	0	Spell	1	640	25	0		1	1		39			10056	9
1063	2		0	Spell	1014	2199023255616	20	5		1	0		16	10070	0	10130	7
1064	2		0	Spell	2023	549755813888	20	5		0	0		16	10080	0	10144	7
1065	48		1	Spell	4	276824064	0	0		0	0		0				
1066	27		0	Spell	999	8519808	100	0		1	0		41			10225	9
1067	13		0	Spell	10	537526400	20	5		1	0		29			2391	5
1068	2		0	Spell	1008	8933504	20	5		0	0		42	10080	0	10149	5
1069	3	3	0	Spell	3040	545919104	25	0		1	1		29			10161	9
1070	24		0	Spell	1005	96	25	5		3	10		16			10113	9
1071	2	2	0	Spell	8	96	25	0		0	1		16			10162	9
1072	22		1	Spell	0	8388608	0	0		0	0		0			0	0
1073	2		0	Spell	2020	2176	100	0		1	0		27			10241	9
1074	42		1	Spell	7	0	0	0		0	0		0			0	0
1075	2		0	Spell	2011	41959424	25	5		0	0		45			10119	5
1076	2		0	Spell	12	2199023255616	25	0		1	1		16			10180	9
1077	2		0	Spell	14	1099513724928	15	5		0	0		45	304	4		
1078	2		0	Spell	1019	8392768	25	5		1	0		41	10080	0	10107	5
1079	74		0	Spell	1018	9064576	23	1		0	0		42	10076	0	10149	5
1080	2		0	Spell	2013	64	20	5		0	0		16	10262	0	10262	5
1081	7		0	Spell	2001	8320	5	5		3	0		16	10079	0	10177	9
1082	2		0	Spell	15	96	25	0		0	1		16			10175	9
1083	2		0	Spell	1014	512	25	0		2	1		39			10181	9
1084	2		0	Spell	10	8407168	15	0		0	0		24			10244	9
1085	81		0	Spell	1	0	0	0		0	0		27			10247	9
1086	2		0	Spell	8	70368747323456	0	0				100	17				
1087	2		0	Spell	150	549755813888	100	0		1	0		17			114	11
1088	3		0	Spell	25	64	30	0		5	0		41			10250	9
1089	601		0	Spell	261	8519808	30	5		1	0		41			10251	5
1090	2		0	Spell	1005	8405136	15	0		0	0		41			10254	9
1091	2		0	Spell	1018	8933504	20	5		4	1		42	10080	0	10120	9
1092	7	2	0	Spell	3	8396928	25	0		1	1		42			10159	9
1093	13	3	0	Spell	3	536871040	25	0		6	1		29			10014	9
1094	2		0	Spell	1012	96	5	0		15	0		16	10093	0	10133	8
1095	81		0	Spell	34	0	0	0		0	0		27			10226	9
1096	81		1	Spell	16	8388608	0	0		0	0		0	0	0	0	0
1097	2		0	Spell	1003	136	15	5		2	1		30	10065	0		
1098	2		0	Spell	1020	549755813888	25	0		2	1		16			10194	9
1099	57		1	Spell	999	276840576	0	0		0	0		0			0	0
1100	2		0	Spell	10	8392832	25	5		1	1		16			10132	9
1101	81		1	Spell	14	8388608	0	0		0	0		0	0	0	0	0
1102	74		0	Spell	1012	9048192	22	1		1	0		42	10077	0	10263	5
1103	2		0	Spell	1052	64	25	5		1	0		16			10127	9
1104	81		0	Spell	12	0	0	0		0	0		28			10028	9
1105	72		0	Spell	5025	545788032	20	5		1	0		41			10067	5
1106	81		0	Spell	25	0	0	0		0	0		16			10034	9
1107	2		0	Spell	18	0	25	0		0	11		21	10068	0	10108	9
1108	41		1	Spell	7	8405632	0	0		0	0		0			0	0
1109	81		0	Spell	11	2199023255552	0	0		0	0		16			10027	9
1110	2		0	Spell	1004	8390784	20	0		50	0		24	10095	0	10135	9
1111	2		0	Spell	14	549757911040	0	0				100	17			102	7
1112	2		0	Spell	1013	274877906944	20	5		0	0		14	419	0		
1113	2		0	Spell	1014	8392768	20	5		0	0		41	10147	0	10148	4
1114	2	2	0	Spell	1005	528512	25	0		1	2		23			10160	9
1115	11		0	Spell	256	16777216	0	0				100	27				
1116	2		0	Spell	2030	96	100	0		1	0		27			10242	9
1117	81		1	Spell	41	8388608	0	0		0	0		0			0	0
1118	81		1	Spell	47	8388608	0	0		0	0		0			0	0
1119	81		0	Spell	3	8388608	0	0		0	0		41			10035	9
1120	74		0	Spell	1011	9048192	15	2		0	1		23			10264	5
1121	41		1	Spell	15	16480	0	0		0	0		0			0	0
1122	2		0	Spell	2005	96	10	5		40	0		16	10093	0	10133	8
1123	42		1	Spell	4	0	0	0		0	0		0			0	0
1124	2		0	Spell	10	640	10	5		0	5		16	10094	0	10134	8
1125	42		1	Spell	10	8388608	0	0		0	0		0			0	0
1126	81		1	Spell	79	8388608	0	0		0	0		0	0	0	0	0
1127	117		1	Spell	1014	8388608	0	0		0	0		0				
1128	23		0	Spell	16384	8404992	0	0		0	0		24			10028	9
1129	10		0	Spell	4	8404992	0	5		1	0		31			10012	9
1130	11		0	Spell	131072	8409088	10	0		0	1		42			10045	9
1131	2		0	Spell	1015	549764202497	1	0		0	0		45			39	5
1132	11		0	Spell	16384	70368752582656	15	0		0	0		45			270	4
1133	10		0	Spell	128	8388608	15	0		1	0		31			10058	9
1134	2		0	Spell	5030	8405120	1	0		0	0		42			165	3
1135	10		0	Spell	274877906944	8404992	0	0		0	0		31			10023	9
1136	10		0	Spell	4	8404992	0	0		0	0		31			10027	9
1137	7		0	Spell	5005	8396928	1	0		0	0		29			10039	9
1138	514		0	Spell	200	8404992	0	0		0	0		31			10024	9
1139	10		0	Spell	16	8404992	0	0		0	0		31			10037	9
1140	10		0	Spell	2	545800192	0	0		0	0		31			10021	9
1141	11		0	Spell	512	16416	25	0		0	0		16				
1142	504		0	Spell	201	8404992	0	0		0	0		31			10023	9
1143	1		0	Spell	297	8388608	5	0		0	0		42			60	7
1144	23		0	Spell	16777216	8405120	0	0		0	0		31			10035	9
1145	504		0	Spell	198	8404992	0	0		0	0		31			10025	9
1146	10		0	Spell	262144	8404992	0	0		0	0		31			10025	5
1147	10		0	Spell	549755813888	41959424	0	0		0	0		31			10005	9
1148	504		0	Spell	199	8404992	0	0		0	0		31			10023	9
1149	117		1	Spell	1009	8388608	0	0		0	0		0				
1150	10		0	Spell	65536	8404992	0	0		0	0		31			10038	5
1151	11		0	Spell	1024	8388608	15	0		1	0		45			10058	9
1152	11		0	Spell	16384	70368752582656	20	0		5	0		45			270	4
1153	23		0	Spell	1	8404992	5	0		1	0		31			10046	7
1154	67		0	Spell	3	8409216	20	0		0	0		23	339	3	10197	9
1155	10		0	Spell	2147483648	8404992	5	0		1	0		31			10023	9
1156	2		0	Spell	1010	140737488355424	0	0		7	0		16			10136	9
1157	23		1	Spell	67108864	8929280	0	0		0	0		41			55	5
1158	23		0	Spell	65536	8404992	0	0		0	0		23			10022	5
1159	1		0	Spell	298	8388608	5	0		0	0		0			60	7
1160	11		0	Spell	268435456	8405504	20	0		1	0		21			10134	9
1161	10		0	Spell	268435456	8404992	0	0		0	0		31			10031	5
1162	10		0	Spell	16	8388608	15	0		1	0		31			10004	9
1163	23		0	Spell	8	8404992	1	0		1	0		31			10005	9
1164	10		0	Spell	2	545783808	5	0		1	0		31			10001	9
1165	42		1	Spell	13	0	0	0		0	0		0			0	0
1166	10		0	Spell	4	4194304	0	0				100	31			10008	9
1167	10		0	Spell	2680059592704	8404992	0	0		0	0		31			10023	9
1168	10		0	Spell	262144	8404992	15	0		1	0		31			10025	5
1169	609		0	Spell	299	41959424	20	0		1	0		21			10134	9
1170	42		1	Spell	3	8388608	0	0		0	0		0			0	0
1171	10		0	Spell	481036338176	8404992	0	0		0	0		31			10023	9
1172	11		0	Spell	1024	8388608	25	0		6	0		45			10060	9
1173	11		0	Spell	32	25427968	0	0				100	42				
1174	42		1	Spell	9	276824064	0	0		0	0		0			0	0
1175	37		1	Spell	198	0	0	0		0	0		0			0	0
1176	10		0	Spell	7168	8404992	0	0		0	0		31			10266	9
1177	1		0	Spell	-9	8388608	0	0		0	0		44			0	0
1178	10		0	Spell	134217728	8404992	1	0		1	0		31			10002	9
1179	23		0	Spell	17179869184	545275904	0	0		0	0		45			10168	9
1180	11		0	Spell	4294967296	8409088	11	2		1	0		31			10041	9
1181	117		1	Spell	2016	8388608	0	0		0	0		0				
1182	10		0	Spell	4096	12582912	5	0		15	0		0			10014	9
1183	2		0	Spell	2012	36028797027369120	25	0		0	0		16			10167	9
1184	81		0	Spell	97	0	0	0		0	0		31			0	0
1185	1		0	Spell	297	8388608	0	1		0	0		42				
1186	10		0	Spell	1024	12582912	5	0		15	0		0			10014	9
1187	2		0	Spell	999	10489856	20	0		1	0		40			10132	9
1188	10		0	Spell	2048	12582912	5	0		15	0		0			10003	9
1189	2		0	Spell	1012	70368752566336	10	5		4	1		45			270	4
1190	10		0	Spell	268435456	8404992	10	0		1	0		31			10031	7
1191	96		0	Spell	5020	8405120	10	0		0	0		40			10214	9
1192	42		1	Spell	5	0	0	0		0	0		0			0	0
1193	67		0	Spell	2	8392704	20	0		2	2		23	339	3	10197	9
1194	23		0	Spell	2	8404992	0	0		0	0		45			10168	9
1195	103		0	Spell	1010	545276032	25	0		0	0		18			10165	9
1196	10		0	Spell	16	12582912	5	0		5	0		31			10184	9
1197	81		1	Spell	46	0	0	0		0	0		0			0	0
1198	11		0	Spell	4096	8409088	15	0		0	0		40			10036	9
1199	2		0	Spell	1006	41959584	25	0		1	0		16			10042	9
1200	1		0	Spell	448	8388608	5	0		0	0		28				
1201	2		0	Spell	2008	36028797564240512	15	5		0	0		21			10170	9
1202	10		0	Spell	2680059592704	8404992	10	0		5	0		31			10023	9
1203	1		1	Spell	1983	0	0	0		0	0		0			0	0
1204	117		1	Spell	2011	8388608	0	0		0	0		0				
1205	11		0	Spell	2048	8388608	0	0				100	22				
1206	99		0	Spell	999	36028797027356672	25	0		1	0		45			10121	9
1207	1		1	Spell	924	0	0	0		0	0		0			0	0
1208	28		0	Spell	999	8409104	20	0		0	0		41			10171	9
1209	10		0	Spell	2	549994496	10	0		5	0		31			10001	9
1210	10		0	Spell	274877906944	140737500954624	0	0				100	31			10023	9
1211	23		0	Spell	2048	8404992	0	0		0	0		31			10122	9
1212	81		0	Spell	77	0	0	0		0	0		31			0	0
1213	10		0	Spell	2147483648	8404992	0	0		10	0		31			10023	9
1214	23		0	Spell	134217728	16384	0	0		0	0		16			10034	9
1215	38		1	Spell	297	276824064	0	0		0	0		0			0	0
1216	23		0	Spell	65536	12582912	1	0				100	23			10009	9
1217	2		0	Spell	999	25165824	25	0		3	0		45			10121	9
1218	609		0	Spell	299	41959424	20	0		0	2		21			10134	9
1219	81		1	Spell	28	8388608	0	0		0	0		0			0	0
1220	10		0	Spell	65536	12582912	10	0		25	0		31			10185	9
1221	82		1	Spell	69	8388608	0	0		0	0		0			0	0
1222	11		0	Spell	2	8650752	0	0				100	23				
1223	2		0	Spell	3	10485888	0	0				100	31			10122	9
1224	54		0	Spell	2222	546197504	20	0		0	0		29	10081	0	10001	9
1225	1		0	Spell	-9	0	0	0		0	0		44			0	0
1226	44		1	Spell	1	545783808	0	0		0	0		0			0	0
1227	10		0	Spell	16	12582912	5	0				100	31			10184	9
1228	11		0	Spell	512	16416	25	0		10	0		16				
1229	10		0	Spell	4096	12582912	0	0				100	31			10003	9
1230	81		1	Spell	53	8388608	0	0		0	0		0			0	0
1231	10		0	Spell	262144	8404992	15	0		7	1		31			10025	5
1232	10		0	Spell	1024	12582912	0	0				100	0			10005	9
1233	63		1	Spell	14	8388608	0	0		0	0		0				
1234	70		1	Spell	-25125	276824064	0	0		0	0		0			0	0
1235	10		0	Spell	2048	12582912	0	0				100	31			10003	9
1236	10		0	Spell	2	549978112	0	0				100	47			10001	9
1237	2		0	Spell	999	36028797027373184	25	0		0	0		40			10186	9
1238	23		0	Spell	17179869184	536887296	0	0				100	45			10168	9
1239	54		0	Spell	549	546197504	20	0		4	2		29	10081	0	10001	9
1240	10		0	Spell	268436480	12582912	0	0				100	47			10187	9
1241	10		0	Spell	335544320	12582912	0	0				100	47			10188	9
1242	28		0	Spell	999	25428112	0	0				100	47			165	3
1243	25		1	Spell	0	8388608	0	0		0	0		0			0	0
1244	81		1	Spell	56	8388608	0	0		0	0		0			0	0
1245	11		0	Spell	4294967296	8671232	0	0				100	31			10041	9
1246	11		0	Spell	64	8404992	15	0		1	0		0			10189	9
1247	68		1	Spell	403	8388608	0	0		0	0		0			0	0
1248	1		1	Spell	1064	8388608	0	0		0	0		0			0	0
1249	1		1	Spell	2185	0	0	0		0	0		0			0	0
1250	11		0	Spell	2	8404992	50	0		0	0		23			10200	9
1251	21		1	Spell	434	0	0	0		0	0		0			0	0
1252	1		1	Spell	2225	0	0	0		0	0		0			0	0
1253	23		0	Spell	8192	16384	0	0		0	0		0			10246	9
1254	23		0	Spell	524288	41959424	0	0		0	0		0			10025	9
1255	1		1	Spell	2135	0	0	0		0	0		0			0	0
1256	1		1	Spell	676	8388608	0	0		0	0		0			0	0
1257	1		1	Spell	2226	0	0	0		0	0		0			0	0
1258	1		1	Spell	284	0	0	0		0	0		0			0	0
1259	1		1	Spell	403	0	0	0		0	0		0			0	0
1260	23		0	Spell	262144	16384	0	0		0	0		16			10034	9
1261	1		0	Spell	597	0	1	0		0	0		16			0	0
1262	1		1	Spell	524	0	0	0		0	0		0			0	0
1263	1		0	Spell	570	0	1	0		0	0		52			0	0
1264	37		1	Spell	517	0	0	0		0	0		0			0	0
1265	1		1	Spell	1412	0	0	0		0	0		0			0	0
1266	1		0	Spell	411	8388608	1	0		0	0		31			0	0
1267	1		1	Spell	438	41943040	0	0		0	0		0			0	0
1268	1		1	Spell	2231	0	0	0		0	0		0			0	0
1269	23		0	Spell	4096	8404992	0	0		0	0		45			10192	9
1270	1		0	Spell	496	8388608	1	0		0	0		45			0	0
1271	23		0	Spell	128	8404992	0	0		0	0		41			10190	9
1272	48		1	Spell	5	276824064	0	0		0	0		0				
1273	1		1	Spell	533	0	0	0		0	0		0			0	0
1274	21		1	Spell	185	0	0	0		0	0		0			0	0
1275	1		1	Spell	694	0	0	0		0	0		0			0	0
1276	1		1	Spell	628	0	0	0		0	0		0			0	0
1277	1		1	Spell	1140	0	0	0		0	0		0			0	0
1278	1		1	Spell	578	0	0	0		0	0		0			0	0
1279	1		1	Spell	361	0	0	0		0	0		0			0	0
1280	37		1	Spell	284	0	0	0		0	0		0			0	0
1281	1		1	Spell	1063	41943040	0	0		0	0		0			0	0
1282	1		1	Spell	523	0	0	0		0	0		0			0	0
1283	1		1	Spell	520	0	0	0		0	0		0			0	0
1284	1		1	Spell	2131	0	0	0		0	0		0			0	0
1285	43		0	Spell	815	41943040	0	0		0	0		0			0	0
1286	48		1	Spell	2	8388608	0	0		0	0		0				
1287	1		1	Spell	579	0	0	0		0	0		0			0	0
1288	1		1	Spell	565	41943040	0	0		0	0		0			0	0
1289	1		1	Spell	522	0	0	0		0	0		0			0	0
1290	81		0	Spell	40	8404992	0	0		0	0		41			10191	9
1291	1		1	Spell	442	8388608	0	0		0	0		0			0	0
1292	31		0	Spell	393	0	0	0		0	0		0			0	0
1293	7		0	Spell	50	77611136	20	0		0	0		23			10039	9
1294	1		1	Spell	362	0	0	0		0	0		0			0	0
1295	1		1	Spell	2132	0	0	0		0	0		0			0	0
1296	1		1	Spell	2196	0	0	0		0	0		0			0	0
1297	1		1	Spell	514	0	0	0		0	0		0			0	0
1298	23		0	Spell	1048576	8404992	0	0		0	0		29			10024	9
1299	43		0	Spell	527	0	0	0		0	0		0			0	0
1300	1		0	Spell	594	0	1	0		0	0		16			0	0
1301	1		1	Spell	515	0	0	0		0	0		0			0	0
1302	1		0	Spell	567	0	1	0		0	0		52			0	0
1303	1		1	Spell	513	0	0	0		0	0		0			0	0
1304	49		1	Spell	100	0	0	0		0	0		0			0	0
1305	75		1	Spell	100	0	0	0		0	0		0			0	0
1306	21		1	Spell	620	0	0	0		0	0		0			0	0
1307	48		1	Spell	51	310378496	0	0		0	0		0				
1308	1		0	Spell	408	8388608	1	0		0	0		31			0	0
1309	1		1	Spell	564	8388608	0	0		0	0		0			0	0
1310	1		1	Spell	511	0	0	0		0	0		0			0	0
1311	21		1	Spell	1226	8388608	0	0		0	0		0			0	0
1312	1		1	Spell	1227	8388608	0	0		0	0		0			0	0
1313	1		0	Spell	493	8388608	1	0		0	0		45			0	0
1314	1		1	Spell	512	0	0	0		0	0		0			0	0
1315	1		1	Spell	518	0	0	0		0	0		0			0	0
1316	1		1	Spell	674	8388608	0	0		0	0		0			0	0
1317	3		0	Spell	2023	8404992	20	0		0	0		0			165	3
1318	43		0	Spell	528	0	0	0		0	0		0			0	0
1319	21		1	Spell	998	0	0	0		0	0		0			0	0
1320	115		1	Spell	999	276824064	0	0		0	0		0				
1321	81		0	Spell	88	0	0	0		0	0		26				
1322	1		1	Spell	932	0	0	0		0	0		0			0	0
1323	1		1	Spell	2219	0	0	0		0	0		0			0	0
1324	21		1	Spell	559	0	0	0		0	0		0			0	0
1325	98		1	Spell	0	0	0	0		0	0		0			0	0
1326	1		1	Spell	2130	0	0	0		0	0		0			0	0
1327	1		1	Spell	814	0	0	0		0	0		0			0	0
1328	1		1	Spell	1381	0	0	0		0	0		0			0	0
1329	81		0	Spell	78	41943040	1	0		0	0		29			0	0
1330	21		1	Spell	580	8388608	0	0		0	0		0			0	0
1331	21		1	Spell	1477	8388608	0	0		0	0		0			0	0
1332	1		1	Spell	2230	0	0	0		0	0		0			0	0
1333	21		1	Spell	519	0	0	0		0	0		0			0	0
1334	48		1	Spell	55	276824064	0	0		0	0		0				
1335	21		1	Spell	737	0	0	0		0	0		0			0	0
1336	21		1	Spell	329	8388608	0	0		0	0		0			0	0
1337	1		1	Spell	566	8388608	0	0		0	0		0			0	0
1338	21		1	Spell	2220	0	0	0		0	0		0			0	0
1339	1		1	Spell	2229	0	0	0		0	0		0			0	0
1340	1		0	Spell	592	0	1	0		0	0		29			0	0
1341	1		1	Spell	394	0	0	0		0	0		0			0	0
1342	42		1	Spell	8	0	0	0		0	0		0			0	0
1343	21		1	Spell	609	0	0	0		0	0		0			0	0
1344	1		0	Spell	596	0	1	0		0	0		16			0	0
1345	1		0	Spell	569	0	1	0		0	0		52			0	0
1346	1		1	Spell	1234	41943040	0	0		0	0		0			0	0
1347	1		0	Spell	410	8388608	1	0		0	0		31			0	0
1348	1		1	Spell	1290	0	0	0		0	0		0			0	0
1349	1		0	Spell	495	8388608	1	0		0	0		45			0	0
1350	21		1	Spell	439	0	0	0		0	0		0			0	0
1351	21		1	Spell	491	8388608	0	0		0	0		0			0	0
1352	21		1	Spell	181	0	0	0		0	0		0			0	0
1353	68		1	Spell	403	0	0	0		0	0		0			0	0
1354	21		1	Spell	931	0	0	0		0	0		0			0	0
1355	63		1	Spell	16	310378496	0	0		0	0		0				
1356	89		1	Spell	8	0	0	0		0	0		0			0	0
1357	89		1	Spell	7	0	0	0		0	0		0			0	0
1358	89		1	Spell	6	41943040	0	0		0	0		0			0	0
1359	81		1	Spell	52	41943040	0	0		0	0		0			0	0
1360	50		1	Spell	493	276824064	0	0		0	0		0			0	0
1361	89		1	Spell	4	8388608	0	0		0	0		0			0	0
1362	62		1	Spell	392	0	0	0		0	0		0			0	0
1363	81		1	Spell	33	8388608	0	0		0	0		0			0	0
1364	89		1	Spell	9	0	0	0		0	0		0			0	0
1365	93		1	Spell	994	0	0	0		0	0		0			0	0
1366	23		1	Spell	1073741824	8388608	0	0		0	0		0			0	0
1367	11		0	Spell	64	8650752	15	0		2	2		0			10189	9
1368	21		1	Spell	627	0	0	0		0	0		0			0	0
1369	81		1	Spell	80	8388608	0	0		0	0		0			0	0
1370	81		1	Spell	90	0	0	0		0	0		0			0	0
1371	1		1	Spell	2251	0	0	0		0	0		0			0	0
1372	1		1	Spell	521	8388608	0	0		0	0		0			0	0
1373	38		1	Spell	189	276824064	0	0		0	0		0			60	7
1374	1		1	Spell	533	0	0	0		0	0		0			0	0
1375	76		1	Spell	10	0	0	0		0	0		0			0	0
1376	1		1	Spell	925	0	0	0		0	0		0			0	0
1377	81		1	Spell	75	8388608	0	0		0	0		0			0	0
1378	81		1	Spell	24	0	0	0		0	0		0			0	0
1379	1		1	Spell	534	0	0	0		0	0		0			0	0
1380	1		1	Spell	2321	0	0	0		0	0		0			0	0
1381	10		0	Spell	64	12582912	10	0		25	0		31			10193	9
1382	1		1	Spell	313	0	0	0		0	0		0			0	0
1383	1		1	Spell	982	0	0	0		0	0		0			0	0
1384	1		1	Spell	475	0	0	0		0	0		0			0	0
1385	1		1	Spell	476	0	0	0		0	0		0			0	0
1386	1		1	Spell	314	0	0	0		0	0		0			0	0
1387	10		0	Spell	524288	12582912	10	0		25	0		31			10270	9
1388	81		1	Spell	20	8388608	0	0		0	0		0			0	0
1389	1		1	Spell	532	0	0	0		0	0		0			0	0
1390	21		1	Spell	471	0	0	0		0	0		0			0	0
1391	1		1	Spell	760	0	0	0		0	0		0			0	0
1392	1		1	Spell	531	0	0	0		0	0		0			0	0
1393	81		1	Spell	51	8388608	0	0		0	0		0			0	0
1394	1		1	Spell	781	0	0	0		0	0		0			0	0
1395	21		1	Spell	1099	0	0	0		0	0		0			0	0
1396	509		0	Spell	198	8404992	0	0		0	0		31			10023	9
1397	23		0	Spell	4	12583040	0	0		0	0		31			10231	9
1398	509		0	Spell	199	8404992	0	0		0	0		24			10028	9
1399	509		0	Spell	201	8404992	0	0		0	0		31			10025	9
1400	10		0	Spell	67108864	8404992	0	0		0	0		31			10035	9
1401	1		0	Spell	-2	8388608	5	0		0	0		43			10232	9
1402	1		0	Spell	-1	8388608	5	0		0	0		43			10232	9
1403	1		1	Spell	-2	8388608	0	0		0	0		0			0	0
1404	524		0	Spell	200	8404992	0	0		0	0		31			10024	9
1405	13		0	Spell	10020	545259648	1	0		1	0		29			10004	9
1406	10		0	Spell	131072	16384	0	0		0	0		31			10025	5
1407	23		0	Spell	32	41959424	0	0		0	0		31			10005	9
1408	10		0	Spell	8192	8404992	0	0		0	0		31			10022	9
1409	10		0	Spell	549755813888	16384	0	0		0	0		31			10224	9
1410	21		1	Spell	188	0	0	0		0	0		0			0	0
1411	23		0	Spell	4	12583040	10	0		0	1		31			10231	9
1412	10		0	Spell	32	545275904	0	0		0	0		29			10027	5
1413	23		0	Spell	32768	16384	0	0		0	0		16			10034	9
1414	10		0	Spell	131072	16384	5	0		1	0		31			10025	5
1415	40		1	Spell	8	8405120	0	0		0	0		0			0	0
1416	1		1	Spell	817	8388608	0	0		0	0		0			0	0
1417	10		0	Spell	128	12582912	10	0		25	0		31			10058	9
1418	23		0	Spell	268435456	8404992	0	0		0	0		41			10022	9
1419	1		0	Spell	-2	8388608	5	0		0	0		43			10232	9
1420	21		1	Spell	396	0	0	0		0	0		0			0	0
1421	10		0	Spell	32	545275904	15	0		1	0		31			10015	9
1422	13		0	Spell	10020	545259648	10	0		1	0		29			10015	9
1423	10		0	Spell	8388608	4194304	0	0				100	31			10051	9
1424	1		1	Spell	2134	8388608	0	0		0	0		0			0	0
1425	95		1	Spell	1	268435456	0	0		0	0		0			0	0
1426	1		1	Spell	2159	0	0	0		0	0		0			0	0
1427	13		0	Spell	2	549585024	0	0				100	41			10237	9
1428	10		0	Spell	67108864	12582912	0	0				100	41			10236	9
1429	1		0	Spell	-1	8388608	5	0		0	0		43			10232	9
1430	23		1	Spell	4194304	545783808	0	0		0	0		0			0	0
1431	1		1	Spell	452	0	0	0		0	0		0			0	0
1432	23		0	Spell	4	549453952	10	0		25	0		31			10231	9
1433	10		0	Spell	16777216	12599296	5	0		15	0		31			10017	9
1434	10		0	Spell	1024	12582912	5	0		15	0		31			10014	9
1435	10		0	Spell	2048	12599296	5	0		15	0		24			10015	9
1436	1		1	Spell	768	8388608	0	0		0	0		0			0	0
1437	82		1	Spell	95	0	0	0		0	0		0			0	0
1438	10		0	Spell	4096	12582912	5	0		15	0		0			10230	9
1439	81		0	Spell	2	41943040	0	0		0	0		31			10028	9
1440	81		0	Spell	85	0	0	0		0	0		31			10028	9
1441	1		1	Spell	2368	8388608	0	0		0	0		0			0	0
1442	23		1	Spell	8388608	8388608	0	0		0	0		0			0	0
1443	30		1	Spell	1	8388608	0	0		0	0		0				
1444	81		1	Spell	15	8388608	0	0		0	0		0	0	0	0	0
1445	1		1	Spell	189	0	0	0		0	0		0	0	0	0	0
1446	1		0	Spell	-2	8388608	5	0		0	0		43			10232	9
1447	79		1	Spell	1	0	0	0		0	0		41	0	0	0	0
1448	81		1	Spell	30	8388608	0	0		0	0		0	0	0	0	0
1449	81		0	Spell	45	8388608	0	0		0	0		18			10039	9
1450	81		1	Spell	17	0	0	0		0	0		0			0	0
1451	81		0	Spell	6	0	0	0		0	0		16			10034	9
1452	82		1	Spell	73	0	0	0		0	0		0				
1453	10		0	Spell	8	4194304	0	0				100	31			10224	9
1454	84		1	Spell	61	0	0	0		0	0		0				
1455	23		0	Spell	32	41959424	0	0		25	0		31			10005	9
1456	81		0	Spell	9	8388608	0	0		0	0		0			10028	9
1457	82		1	Spell	62	8388608	0	0		0	0		0				
1458	100		1	Spell	1	0	0	0		0	0		0			0	0
1459	81		1	Spell	35	8388608	0	0		0	0		0			0	0
1460	1		1	Spell	474	8388608	0	0		0	0		0			0	0
1461	100		1	Spell	2	0	0	0		0	0		0			0	0
1462	2		0	Spell	999	8409104	20	0		0	0		41			10233	9
1463	82		1	Spell	64	8388608	0	0		0	0		0				
1464	81		0	Spell	4	8388608	0	0		0	0		0			10040	9
1465	1		1	Spell	535	0	0	0		0	0		0			0	0
1466	1		1	Spell	1388	0	0	0		0	0		0			0	0
1467	81		0	Spell	84	8388608	0	0				100	31			10047	9
1468	82		1	Spell	60	0	0	0		0	0		0				
1469	10		0	Spell	131072	4194304	0	0				100	31			10005	9
1470	81		1	Spell	43	8388608	0	0		0	0		0			0	0
1471	81		1	Spell	48	0	0	0		0	0		0			0	0
1472	81		0	Spell	21	0	0	0		0	0		41			55	5
1473	81		1	Spell	54	0	0	0		0	0		0			0	0
1474	37		1	Spell	-1	8388608	0	0		0	0		0			0	0
1475	10		0	Spell	2097152	12713984	0	0				100	31			39	5
1476	26		1	Spell	398	0	0	0		0	0		0			0	0
1477	1		1	Spell	1235	41943040	0	0		0	0		0			0	0
1478	10		0	Spell	16777216	12582912	0	0				100	31			10004	9
1479	114		1	Spell	11	0	0	0		0	0		0			0	0
1480	84		1	Spell	66	8388608	0	0		0	0		0				
1481	10		0	Spell	1024	12582912	0	0				100	31			10003	9
1482	10		0	Spell	4096	12582912	0	0				100	0			10005	9
1483	10		0	Spell	2048	12582912	0	0				100	24			10008	9
1484	81		0	Spell	71	0	0	0		0	0		42			10001	9
1485	81		1	Spell	18	8388608	0	0		0	0		0			0	0
1486	21		1	Spell	178	0	0	0		0	0		0			0	0
1487	11		0	Spell	256	8392720	0	0				100	32				
1488	10		0	Spell	32	549453824	0	0				100	31			10027	9
1489	81		1	Spell	55	0	0	0		0	0		0			0	0
1490	81		1	Spell	59	8388608	0	0		0	0		0			0	0
1491	81		0	Spell	83	8388608	0	0		0	0		42			10005	9
1492	81		1	Spell	19	8388608	0	0		0	0		0			0	0
1493	81		0	Spell	96	8388608	0	0		0	0		43			10005	9
1494	37		1	Spell	-2	276824064	0	0		0	0		0			0	0
1495	10		0	Spell	16784384	12599296	0	0				100	31			10266	9
1496	81		1	Spell	27	8388608	0	0		0	0		0			0	0
1497	500		0	Spell	250	537399424	25	0		1	0		23			10196	9
1498	2		0	Spell	1015	549764202497	50	0		0	0		41			10195	9
1499	20		0	Spell	30	8404992	0	0		0	0		31	0	0	60	7
1500	10		0	Spell	536870912	8404992	0	0		0	0		31			10274	5
1501	10		0	Spell	1073741824	8404992	0	0		0	0		31			10273	5
1502	600		0	Spell	261	8536064	50	0		0	0		28			10201	9
1503	2		0	Spell	2020	75497600	25	0		1	0		84			10209	9
1504	11		0	Spell	256	8392704	20	0		0	0		23	339	3	10197	9
1505	4		0	Spell	6	8388736	50	0		1	0		22			10198	9
1506	11		0	Spell	68719476736	8540288	5	0		0	0		0			10207	9
1507	11		0	Spell	1	545796096	20	0		1	0		42			10199	9
1508	11		0	Spell	2	8404992	50	0		0	0		23			10200	9
1509	11		0	Spell	65536	16416	15	0		0	0		0			10202	9
1510	3		0	Spell	5035	537481344	25	0		0	0		52			10265	5
1511	85		1	Spell	36	268435456	0	0		0	0		0			60	7
1512	15		0	Spell	1	12599424	0	0		0	0		31			10021	9
1513	2		0	Spell	1010	8540288	100	0		0	0		41			10204	9
1514	10		0	Spell	256	140738037940352	1	0		1	0		31			10017	9
1515	3		0	Spell	5100	545935488	30	0		0	0		29			10016	9
1516	11		0	Spell	128	8540160	25	0		0	0		0			10023	9
1517	48		1	Spell	0	268435456	0	0		0	0		0				
1518	2		0	Spell	3005	537464960	25	0		1	0		0			10125	9
1519	10		0	Spell	67108864	8536064	20	0		1	0		31			10011	7
1520	85		1	Spell	36	276824064	0	0		0	0		0			60	7
1521	19		1	Spell	1	276824064	0	0		0	0		41			0	0
1522	48		1	Spell	6	276824064	0	0		0	0		0				
1523	4		0	Spell	3	8650880	25	0		1	2		22			10150	9
1524	11		0	Spell	65536	16416	25	0		0	1		0			10203	9
1525	48		1	Spell	1	0	0	0		0	0		0				
1526	500		0	Spell	250	537399424	25	0		5	0		23			10196	9
1527	48		1	Spell	3	276824064	0	0		0	0		0				
1528	66		0	Spell	9042	8540288	100	0		0	0		41			10205	9
1529	53		1	Spell	999	277483520	0	0		0	0		0			0	0
1530	4		0	Spell	5	8388736	25	0		2	1		22			10140	9
1531	10		0	Spell	256	140738037940352	15	0		1	0		31			10017	9
1532	10		0	Spell	256	281474989293696	15	0		1	1		31			10017	9
1533	11		0	Spell	17179869184	281474985119744	25	0		1	0		0			10207	9
1534	39		1	Spell	1	8519680	0	0		0	0		0			0	0
1535	42		1	Spell	2	276824064	0	0		0	0		0			0	0
1536	11		0	Spell	17179869184	8540160	25	0		1	0		0			10207	9
1537	2		0	Spell	999	8540160	100	0		0	0		41			10206	9
1538	21		1	Spell	473	8388608	0	0		0	0		0			0	0
1539	80		1	Spell	1	276824064	0	0		0	0		41			0	0
1540	2	2	0	Spell	8	4160	25	0		0	1		16			10257	9
1541	81		1	Spell	29	8388608	0	0		0	0		0			0	0
1542	28		0	Spell	999	75763840	20	0		1	0		22			10042	9
1543	29		0	Spell	999	281474985119744	15	0		0	0		41			10171	9
1544	81		0	Spell	92	0	1	0		0	0		23			0	0
1545	81		0	Spell	13	8388608	0	0		0	0		31			10024	9
1546	86		1	Spell	72	276824064	0	0		0	0		0			0	0
1547	28		0	Spell	999	8540288	100	0		0	0		41			10208	9
1548	92		1	Spell	2052	276824064	0	0		0	0		0				
1549	2		0	Spell	2010	75497600	25	0		0	2		84			10209	9
1550	64		1	Spell	1	814223360	0	0		0	0		0				
1551	81		1	Spell	10	0	0	0		0	0		0				
1552	94		1	Spell	999	8392704	0	0		0	0		0			0	0
1553	81		1	Spell	26	0	0	0		0	0		0			0	0
1554	81		1	Spell	32	0	0	0		0	0		0			0	0
1555	81		1	Spell	93	8388608	0	0		0	0		0			0	0
1556	39		1	Spell	1	8388608	0	0		0	0		0			0	0
1557	15		0	Spell	1	12583040	0	0				100	41			10210	9
1558	11		0	Spell	8	545787904	20	0		1	0		0			10211	9
1559	29		0	Spell	999	8540288	20	0		0	0		0			10213	9
1560	11		0	Spell	128	537538560	25	0		5	0		0			10023	9
1561	81		1	Spell	49	0	0	0		0	0		0			0	0
1562	81		1	Spell	50	41943040	0	0		0	0		0			0	0
1563	81		0	Spell	5	8519680	0	0		0	0		47			10022	9
1564	90		1	Spell	1	276824064	0	0		0	0		41			0	0
1565	42		1	Spell	1	276824064	0	0		0	0		0			0	0
1566	21		1	Spell	2217	0	0	0		0	0		0			0	0
1567	28		0	Spell	999	281475002138752	0	0				100	47			165	3
1568	77		1	Spell	1	276824064	0	0		0	0		41			0	0
1569	28		0	Spell	999	25559168	0	0				100	47			227	5
1570	28		0	Spell	999	92536960	0	0				100	47			165	3
1571	2		0	Spell	1010	537411712	30	0		1	0		32			10118	9
1572	13		0	Spell	50	537411712	0	0		0	0		32			10172	9
1573	10		0	Spell	536870912	16384	0	0		0	0		32			10172	9
1574	10		0	Spell	1073741824	16384	0	0		0	0		32			10172	9
1575	8		0	Spell	200	16512	0	0		0	0		32			10172	9
1576	21		1	Spell	2287	0	0	0		0	0		0			0	0
1577	1		0	Spell	303	0	1	0		0	0		32				
1578	1		1	Spell	2286	0	0	0		0	0		0			0	0
1579	2		0	Spell	1010	545804416	20	0		0	0		16			10255	9
1580	48		1	Spell	7	268435456	0	0		0	0		0				
1581	2		0	Spell	1	537399424	35	0		0	2		32			10043	9
1582	2		0	Spell	999	544776	25	0		0	0		41			222	5
1583	1		1	Spell	638	0	0	0		0	0		0			0	0
1584	1		1	Spell	88	0	1	0		0	0		0			60	7
1585	1		1	Spell	433	0	0	0		0	0		0			0	0
1586	23		0	Spell	131072	16384	0	0		0	0		16			10172	9
1587	103		0	Spell	1014	545259648	1	0		0	0		18			10172	9
1588	10		0	Spell	512	16384	0	0		0	0		32			10172	9
1589	82		1	Spell	89	0	0	0		0	0		0				
1590	1		1	Spell	304	0	0	0		0	0		0			0	0
1591	1		1	Spell	449	0	0	0		0	0		0			0	0
1592	35		1	Spell	1	0	0	0		0	0		0			0	0
1593	118		1	Spell	50	536870912	0	0		0	0		0			0	0
1594	1		1	Spell	526	0	0	0		0	0		0			0	0
1595	10		0	Spell	128	4718600	0	0				100	32			10173	9
1596	2		0	Spell	1008	96	20	5		3	0		16			10176	9
1597	1		1	Spell	632	0	0	0		0	0		0				
1598	1		1	Spell	489	0	0	0		0	0		0				
1599	31		0	Spell	-6	0	5	0		0	0		28				
1600	42		1	Spell	6	0	0	0		0	0		0			0	0
1601	82		1	Spell	94	0	0	0		0	0		0			0	0
1602	29		0	Spell	999	151680	30	0		0	0		32			10172	9
1603	37		1	Spell	303	0	0	0		0	0		0			0	0
1604	103		0	Spell	1	537399424	0	0				100	18			10174	9
1605	21		1	Spell	811	0	0	0		0	0		0			60	7
1606	42		1	Spell	14	0	0	0		0	0		0			0	0
1607	1		1	Spell	330	0	0	0		0	0		0			0	0
1608	38		1	Spell	-6	268435456	0	0		0	0		0			60	7
1609	1		0	Spell	2280	0	1	0		0	0		45			0	0
1610	2		0	Spell	1000	536875136	50	0		0	2		32			10118	9
1611	101		1	Spell	-10	545783808	0	0		0	0		0			55	5
1612	50		1	Spell	1662	8388608	0	0		0	0		0			0	0
1613	1		1	Spell	88	1125899906842624	0	0		0	0		0				
1614	89		1	Spell	1	0	0	0		0	0		0			60	7
1615	31		0	Spell	-7	0	5	0		0	0		28			60	7
1616	103		0	Spell	1024	536871040	25	0		1	0		18			10165	9
1617	81		0	Spell	68	0	0	0		0	0		22				
1618	89		1	Spell	2	0	0	0		0	0		0			60	7
1619	89		1	Spell	5	0	0	0		0	0		0			0	0
1620	21		1	Spell	404	0	0	0		0	0		0			60	7
1621	1		1	Spell	405	0	1	0		0	0		0			60	7
1622	42		1	Spell	12	0	0	0		0	0		0			0	0
1623	82		1	Spell	67	0	0	0		0	0		0				
1624	81		1	Spell	57	0	0	0		0	0		0			0	0
1625	10		0	Spell	16777216	4194304	0	0				100	31			10004	9
1626	10		0	Spell	128	4194304	0	0				100	32			10003	9
1627	2		0	Spell	5025	536887424	100	0		0	0		41			10165	9
1628	89		1	Spell	3	0	0	0		0	0		0			60	7
1629	63		1	Spell	5	0	0	0		0	0		0				
1630	81		1	Spell	87	0	0	0		0	0		0			0	0
1631	35		1	Spell	1	0	0	0		0	0		0			0	0
1632	38		1	Spell	-7	268435456	0	0		0	0		0			60	7
1633	500		0	Spell	202	16384	0	0		0	0		32			10216	9
1634	1		1	Spell	88	0	0	0		0	0		0			0	0
1635	81		1	Spell	42	0	0	0		0	0		0			0	0
1636	89		1	Spell	10	0	0	0		0	0		0			60	6
1637	108		0	Spell	-12	16512	30	0		0	0		32			10252	9
1638	1		1	Spell	304	0	0	0		0	0		0			0	0
1639	1		1	Spell	632	0	0	0		0	0		0			0	0
1640	108		0	Spell	-13	16512	30	0		0	0		32			10253	9
1641	1		1	Spell	449	0	0	0		0	0		0			0	0
1642	1		1	Spell	489	0	0	0		0	0		0			0	0
1643	102		1	Spell	9	268435456	0	0		0	0		0				
1644	1		1	Spell	2497	8388608	0	0		0	0		0			0	0
1645	1		1	Spell	2497	8388608	0	0		0	0		0			0	0
1646	1		1	Spell	1490	8388608	0	0		0	0		0			0	0
1647	21		1	Spell	2527	8388608	0	0		0	0		0			0	0
1648	1		1	Spell	1496	8388608	0	0		0	0		0			0	0
1649	1		1	Spell	1501	0	0	0		0	0		0			0	0
1650	1		1	Spell	2526	0	0	0		0	0		0			0	0
1651	1		1	Spell	2512	0	0	0		0	0		0			0	0
1652	1		1	Spell	2514	0	0	0		0	0		0			0	0
1653	1		0	Spell	2515	8388608	1	0		0	0		31			0	0
1654	1		1	Spell	2515	8388608	1	0		0	0		0			0	0
1655	1		1	Spell	2520	0	0	0		0	0		0			0	0
1656	100		1	Spell	3	0	0	0		0	0		0			0	0
1657	21		1	Spell	2626	0	0	0		0	0		0			0	0
1658	66		0	Spell	5010	8540288	25	0		0	0		41			10205	9
1659	21		1	Spell	2637	0	0	0		0	0		0			60	7
1660	21		1	Spell	-16	0	0	0		0	0		0			0	0
1661	21		1	Spell	2563	0	0	0		0	0		0			0	0
1662	1		1	Spell	2630	0	0	0		0	0		0			0	0
1663	21		1	Spell	2631	0	0	0		0	0		0			60	7
1664	21		1	Spell	-17	0	0	0		0	0		0			0	0
1665	89		1	Spell	16	0	0	0		0	0		0			0	0
1666	42		1	Spell	15	0	0	0		0	0		0			0	0
1667	1		1	Spell	2074	0	0	0		0	0		0			0	0
1668	85		1	Spell	99	276824064	0	0		0	0		0			0	0
1669	11		0	Spell	1	4224	0	0		1	0		0				
1670	11		0	Spell	1	4224	0	0		1	0		0				
1671	11		0	Spell	1	4224	0	0		1	0		0				
1672	82		1	Spell	100	0	0	0		0	0		0			0	0
1673	85		1	Spell	36	268435456	0	0		0	0		0			60	7
1674	1		1	Spell	2694	0	0	0		0	0		0			0	0
1675	1		1	Spell	2697	0	0	0		0	0		0			0	0
1676	11		0	Spell	1	4224	0	0		1	0		0				
1677	11		0	Spell	1	4224	0	0		1	0		0				
1678	11		0	Spell	1	4224	0	0		1	0		0				
1679	11		0	Spell	1	4224	0	0		1	0		0				
1680	81		1	Spell	101	0	0	0		0	0		0				
1681	1		1	Spell	2690	0	0	0		0	0		0			0	0
1682	11		0	Spell	8192	537411712	25	0		0	0		52			10200	9
1683	11		0	Spell	262144	2113664	25	0		0	0		52			10200	9
1684	3		0	Spell	5015	537477248	25	0		0	0		52			10200	9
1685	11		0	Spell	2	2113664	25	0		0	0		23			10200	9
1686	10		0	Spell	32	545800192	15	0		0	0		31			10015	9
1687	10		0	Spell	137438953472	10502144	15	0		0	0		31			10015	9
1688	23		0	Spell	68719476736	545865728	15	0		0	0		31			10015	9
1689	10		0	Spell	2	10485760	15	0		0	0		31			10001	9
1690	89		1	Spell	17	0	0	0		0	0		0			0	0
1691	89		1	Spell	18	0	0	0		0	0		0			0	0
